[
  {
    "id": "b22a117d-75b4-46f0-9ca8-af539f6a7a42",
    "data": [
      {
        "text": "hi! need a day off because of ",
        "userDefined": false
      },
      {
        "text": "conference",
        "alias": "reason",
        "meta": "@reason",
        "userDefined": false
      },
      {
        "text": " (",
        "userDefined": false
      },
      {
        "text": "3-4.06",
        "alias": "date-period",
        "meta": "@sys.date-period",
        "userDefined": false
      },
      {
        "text": ")",
        "userDefined": false
      }
    ],
    "isTemplate": false,
    "count": 0,
    "updated": 0
  },
  {
    "id": "c4c0ea2e-a06c-4589-91b5-35a556cded43",
    "data": [
      {
        "text": "I’m on ",
        "userDefined": false
      },
      {
        "text": "conference",
        "alias": "reason",
        "meta": "@reason",
        "userDefined": false
      },
      {
        "text": " ",
        "userDefined": false
      },
      {
        "text": "on 10 June",
        "alias": "date-period",
        "meta": "@sys.date-period",
        "userDefined": false
      }
    ],
    "isTemplate": false,
    "count": 0,
    "updated": 0
  },
  {
    "id": "cf85afcb-43b1-44b7-83a2-abd1380c5e7b",
    "data": [
      {
        "text": "I will not be available ",
        "userDefined": false
      },
      {
        "text": "today",
        "alias": "date",
        "meta": "@sys.date",
        "userDefined": false
      },
      {
        "text": ", between ",
        "userDefined": false
      },
      {
        "text": "2:00 PM",
        "alias": "time-start",
        "meta": "@sys.time",
        "userDefined": false
      },
      {
        "text": " and ",
        "userDefined": false
      },
      {
        "text": "3:00 PM",
        "alias": "time-end",
        "meta": "@sys.time",
        "userDefined": false
      },
      {
        "text": " due to ",
        "userDefined": false
      },
      {
        "text": "school",
        "alias": "reason",
        "meta": "@reason",
        "userDefined": false
      }
    ],
    "isTemplate": false,
    "count": 0,
    "updated": 0
  },
  {
    "id": "6d928f95-3d25-427f-8f94-852d2059a85d",
    "data": [
      {
        "text": "Hi I go on ",
        "userDefined": false
      },
      {
        "text": "holidays",
        "alias": "reason",
        "meta": "@reason",
        "userDefined": false
      },
      {
        "text": " ",
        "userDefined": false
      },
      {
        "text": "from 16.08",
        "alias": "date-start",
        "meta": "@sys.date",
        "userDefined": false
      },
      {
        "text": " till ",
        "userDefined": false
      },
      {
        "text": "26.08",
        "alias": "date-end",
        "meta": "@sys.date",
        "userDefined": false
      }
    ],
    "isTemplate": false,
    "count": 0,
    "updated": 0
  },
  {
    "id": "08cd47ac-f262-42c0-aafd-290397d2e210",
    "data": [
      {
        "text": "I will work ",
        "userDefined": false
      },
      {
        "text": "remotely",
        "alias": "reason",
        "meta": "@reason",
        "userDefined": false
      },
      {
        "text": " ",
        "userDefined": false
      },
      {
        "text": "3 june",
        "alias": "date",
        "meta": "@sys.date",
        "userDefined": false
      }
    ],
    "isTemplate": false,
    "count": 0,
    "updated": 0
  },
  {
    "id": "0056f32c-fd78-4fcf-b383-d580da4cd5a0",
    "data": [
      {
        "text": "I will work ",
        "userDefined": false
      },
      {
        "text": "remotely",
        "alias": "reason",
        "meta": "@reason",
        "userDefined": false
      },
      {
        "text": " ",
        "userDefined": false
      },
      {
        "text": "from 10 june",
        "alias": "date-start",
        "meta": "@sys.date",
        "userDefined": false
      },
      {
        "text": " to ",
        "userDefined": false
      },
      {
        "text": "11 june",
        "alias": "date-end",
        "meta": "@sys.date",
        "userDefined": false
      }
    ],
    "isTemplate": false,
    "count": 0,
    "updated": 0
  },
  {
    "id": "c41811b2-107f-4698-bb93-4e2154bc91dd",
    "data": [
      {
        "text": "I  will work ",
        "userDefined": false
      },
      {
        "text": "remotely",
        "alias": "reason",
        "meta": "@reason",
        "userDefined": false
      },
      {
        "text": " ",
        "userDefined": false
      },
      {
        "text": "from 24 to 25 june",
        "alias": "date-period",
        "meta": "@sys.date-period",
        "userDefined": false
      }
    ],
    "isTemplate": false,
    "count": 0,
    "updated": 0
  },
  {
    "id": "51578240-79dd-4d9b-b6b4-4de46be3caea",
    "data": [
      {
        "text": "remote",
        "alias": "reason",
        "meta": "@reason",
        "userDefined": false
      },
      {
        "text": " from ",
        "userDefined": false
      },
      {
        "text": "25-29 May",
        "alias": "date-period",
        "meta": "@sys.date-period",
        "userDefined": false
      }
    ],
    "isTemplate": false,
    "count": 0,
    "updated": 0
  },
  {
    "id": "a861ceb6-6c07-4fef-bfe8-51311f14404a",
    "data": [
      {
        "text": "remote",
        "alias": "reason",
        "meta": "@reason",
        "userDefined": false
      },
      {
        "text": " ",
        "userDefined": false
      },
      {
        "text": "tomorrow",
        "alias": "date",
        "meta": "@sys.date",
        "userDefined": false
      },
      {
        "text": " between ",
        "userDefined": false
      },
      {
        "text": "6-11",
        "alias": "time-period",
        "meta": "@sys.time-period",
        "userDefined": false
      }
    ],
    "isTemplate": false,
    "count": 0,
    "updated": 0
  },
  {
    "id": "e10513a6-2cbc-445f-a999-21257489ed2a",
    "data": [
      {
        "text": "illness",
        "alias": "reason",
        "meta": "@reason",
        "userDefined": false
      },
      {
        "text": " between ",
        "userDefined": false
      },
      {
        "text": "2019-03-11",
        "alias": "date-start",
        "meta": "@sys.date",
        "userDefined": true
      },
      {
        "text": " and ",
        "userDefined": false
      },
      {
        "text": "2019-03-17",
        "alias": "date-end",
        "meta": "@sys.date",
        "userDefined": true
      }
    ],
    "isTemplate": false,
    "count": 0,
    "updated": 0
  },
  {
    "id": "b62c9c58-1bde-46fc-a941-c1b69b122a38",
    "data": [
      {
        "text": "illness",
        "alias": "reason",
        "meta": "@reason",
        "userDefined": false
      },
      {
        "text": " between ",
        "userDefined": false
      },
      {
        "text": "march 11",
        "alias": "date-list",
        "meta": "@sys.date",
        "userDefined": false
      },
      {
        "text": " and ",
        "userDefined": false
      },
      {
        "text": "march 17",
        "alias": "date-list",
        "meta": "@sys.date",
        "userDefined": false
      }
    ],
    "isTemplate": false,
    "count": 0,
    "updated": 0
  },
  {
    "id": "efe17e08-f98b-4499-beeb-10e9122cf0cf",
    "data": [
      {
        "text": "vacation",
        "alias": "reason",
        "meta": "@reason",
        "userDefined": false
      },
      {
        "text": " from ",
        "userDefined": false
      },
      {
        "text": "June 3",
        "alias": "date-start",
        "meta": "@sys.date",
        "userDefined": false
      },
      {
        "text": " to ",
        "userDefined": false
      },
      {
        "text": "June 21, 2019",
        "alias": "date-end",
        "meta": "@sys.date",
        "userDefined": false
      }
    ],
    "isTemplate": false,
    "count": 0,
    "updated": 0
  },
  {
    "id": "74ecc0e5-25db-4eea-a4f6-2123900372ce",
    "data": [
      {
        "text": "hi, ",
        "userDefined": false
      },
      {
        "text": "holidays",
        "alias": "reason",
        "meta": "@reason",
        "userDefined": false
      },
      {
        "text": " from ",
        "userDefined": false
      },
      {
        "text": "tomorrow 11:50 am",
        "alias": "date-time-start",
        "meta": "@sys.date-time",
        "userDefined": true
      },
      {
        "text": " till ",
        "userDefined": false
      },
      {
        "text": "tomorrow 1 pm",
        "alias": "date-time-end",
        "meta": "@sys.date-time",
        "userDefined": true
      }
    ],
    "isTemplate": false,
    "count": 0,
    "updated": 0
  },
  {
    "id": "0a6efc48-3cbe-4075-a5cb-8aca5a53b88e",
    "data": [
      {
        "text": "Hi i’ll be off ",
        "userDefined": false
      },
      {
        "text": "today",
        "alias": "date",
        "meta": "@sys.date",
        "userDefined": false
      },
      {
        "text": " between ",
        "userDefined": false
      },
      {
        "text": "13:15",
        "alias": "time-start",
        "meta": "@sys.time",
        "userDefined": false
      },
      {
        "text": " and ",
        "userDefined": false
      },
      {
        "text": "14:30",
        "alias": "time-end",
        "meta": "@sys.time",
        "userDefined": false
      },
      {
        "text": " because of ",
        "userDefined": false
      },
      {
        "text": "holiday",
        "alias": "reason",
        "meta": "@reason",
        "userDefined": false
      }
    ],
    "isTemplate": false,
    "count": 0,
    "updated": 0
  },
  {
    "id": "9579da05-ecbf-4319-a59f-8d05c674bcb0",
    "data": [
      {
        "text": "I would like to take a ",
        "userDefined": false
      },
      {
        "text": "holiday",
        "alias": "reason",
        "meta": "@reason",
        "userDefined": false
      },
      {
        "text": " ",
        "userDefined": false
      },
      {
        "text": "20th February 2019",
        "alias": "date",
        "meta": "@sys.date",
        "userDefined": false
      }
    ],
    "isTemplate": false,
    "count": 0,
    "updated": 0
  },
  {
    "id": "fc14603c-dc50-4a12-b3d7-204af9044f89",
    "data": [
      {
        "text": "I want remote day ",
        "userDefined": false
      },
      {
        "text": "today",
        "alias": "date",
        "meta": "@sys.date",
        "userDefined": false
      },
      {
        "text": ". I’m ",
        "userDefined": false
      },
      {
        "text": "sick",
        "alias": "reason",
        "meta": "@reason",
        "userDefined": false
      }
    ],
    "isTemplate": false,
    "count": 0,
    "updated": 0
  },
  {
    "id": "d2b4181c-9e22-42fa-bcbb-3f82dcdb2c72",
    "data": [
      {
        "text": "I would like to work ",
        "userDefined": false
      },
      {
        "text": "remotely",
        "alias": "reason",
        "meta": "@reason",
        "userDefined": false
      },
      {
        "text": " from ",
        "userDefined": false
      },
      {
        "text": "4 February 2019",
        "alias": "date-start",
        "meta": "@sys.date",
        "userDefined": false
      },
      {
        "text": " to ",
        "userDefined": false
      },
      {
        "text": "5 February 2019",
        "alias": "date-end",
        "meta": "@sys.date",
        "userDefined": false
      }
    ],
    "isTemplate": false,
    "count": 0,
    "updated": 0
  },
  {
    "id": "7fc9a650-a210-4756-b135-4f50fb8a92b5",
    "data": [
      {
        "text": "I will be working ",
        "userDefined": false
      },
      {
        "text": "remotely",
        "alias": "reason",
        "meta": "@reason",
        "userDefined": false
      },
      {
        "text": ", ",
        "userDefined": false
      },
      {
        "text": "today",
        "alias": "date",
        "meta": "@sys.date",
        "userDefined": false
      },
      {
        "text": " from ",
        "userDefined": false
      },
      {
        "text": "6 AM",
        "alias": "time-start",
        "meta": "@sys.time",
        "userDefined": false
      },
      {
        "text": " until ",
        "userDefined": false
      },
      {
        "text": "2 PM",
        "alias": "time-end",
        "meta": "@sys.time",
        "userDefined": false
      },
      {
        "text": ".",
        "userDefined": false
      }
    ],
    "isTemplate": false,
    "count": 0,
    "updated": 0
  },
  {
    "id": "e77da716-1f79-439b-8526-607db2ee7361",
    "data": [
      {
        "text": "Sick",
        "alias": "reason",
        "meta": "@reason",
        "userDefined": false
      },
      {
        "text": " from ",
        "userDefined": false
      },
      {
        "text": "monday",
        "alias": "date-start",
        "meta": "@sys.date",
        "userDefined": false
      },
      {
        "text": " to ",
        "userDefined": false
      },
      {
        "text": "friday",
        "alias": "date-end",
        "meta": "@sys.date",
        "userDefined": false
      }
    ],
    "isTemplate": false,
    "count": 0,
    "updated": 0
  },
  {
    "id": "641833fb-1e56-4a96-8b80-0c1250bd554d",
    "data": [
      {
        "text": "Sick",
        "alias": "reason",
        "meta": "@reason",
        "userDefined": false
      },
      {
        "text": " from ",
        "userDefined": false
      },
      {
        "text": "monday 8:00",
        "alias": "date-time-start",
        "meta": "@sys.date-time",
        "userDefined": false
      },
      {
        "text": " to ",
        "userDefined": false
      },
      {
        "text": "friday 16:00",
        "alias": "date-time-end",
        "meta": "@sys.date-time",
        "userDefined": true
      }
    ],
    "isTemplate": false,
    "count": 0,
    "updated": 0
  },
  {
    "id": "9aca5ed7-7ff3-4545-a4d6-8d06ad8f1cd6",
    "data": [
      {
        "text": "absence ",
        "userDefined": false
      },
      {
        "text": "today",
        "alias": "date",
        "meta": "@sys.date",
        "userDefined": false
      },
      {
        "text": " ",
        "userDefined": false
      },
      {
        "text": "15:40",
        "alias": "time-start",
        "meta": "@sys.time",
        "userDefined": false
      },
      {
        "text": " till ",
        "userDefined": false
      },
      {
        "text": "18:40",
        "alias": "time-end",
        "meta": "@sys.time",
        "userDefined": true
      }
    ],
    "isTemplate": false,
    "count": 0,
    "updated": 0
  },
  {
    "id": "cb469001-4904-4a5f-9fa2-148d58f64457",
    "data": [
      {
        "text": "absence ",
        "userDefined": false
      },
      {
        "text": "today",
        "alias": "date",
        "meta": "@sys.date",
        "userDefined": false
      },
      {
        "text": " ",
        "userDefined": false
      },
      {
        "text": "3:40 PM",
        "alias": "time-start",
        "meta": "@sys.time",
        "userDefined": false
      },
      {
        "text": " till ",
        "userDefined": false
      },
      {
        "text": "6:40 PM",
        "alias": "time-end",
        "meta": "@sys.time",
        "userDefined": true
      }
    ],
    "isTemplate": false,
    "count": 0,
    "updated": 0
  },
  {
    "id": "8dfab562-a14f-482f-afda-8f4697e3a9cc",
    "data": [
      {
        "text": "I will be working ",
        "userDefined": false
      },
      {
        "text": "remotely",
        "alias": "reason",
        "meta": "@reason",
        "userDefined": false
      },
      {
        "text": ", ",
        "userDefined": false
      },
      {
        "text": "today",
        "alias": "date",
        "meta": "@sys.date",
        "userDefined": false
      },
      {
        "text": " from ",
        "userDefined": false
      },
      {
        "text": "3:50 PM",
        "alias": "time-start",
        "meta": "@sys.time",
        "userDefined": false
      },
      {
        "text": " until ",
        "userDefined": false
      },
      {
        "text": "6:50 PM",
        "alias": "time-end",
        "meta": "@sys.time",
        "userDefined": false
      }
    ],
    "isTemplate": false,
    "count": 0,
    "updated": 0
  },
  {
    "id": "dd18f107-04bc-423c-ac04-943692ebc1ea",
    "data": [
      {
        "text": "I need day off for ",
        "userDefined": false
      },
      {
        "text": "1st of March",
        "alias": "date",
        "meta": "@sys.date",
        "userDefined": false
      }
    ],
    "isTemplate": false,
    "count": 1,
    "updated": 0
  },
  {
    "id": "3a2986a7-3f15-4446-bc51-76ffef149082",
    "data": [
      {
        "text": "I will be off ",
        "userDefined": false
      },
      {
        "text": "tomorrow",
        "alias": "date",
        "meta": "@sys.date",
        "userDefined": false
      },
      {
        "text": " ",
        "userDefined": false
      },
      {
        "text": "from 11 AM till 2 PM",
        "alias": "time-period",
        "meta": "@sys.time-period",
        "userDefined": true
      }
    ],
    "isTemplate": false,
    "count": 1,
    "updated": 0
  },
  {
    "id": "ea5ee6b8-f08b-4996-94eb-29652876895b",
    "data": [
      {
        "text": "school",
        "alias": "reason",
        "meta": "@reason",
        "userDefined": false
      },
      {
        "text": " ",
        "userDefined": false
      },
      {
        "text": "from 14 pm to 17 pm",
        "alias": "time-period",
        "meta": "@sys.time-period",
        "userDefined": false
      }
    ],
    "isTemplate": false,
    "count": 0,
    "updated": 0
  },
  {
    "id": "d9ceffef-8789-45ca-8699-6a7d87223232",
    "data": [
      {
        "text": "school",
        "alias": "reason",
        "meta": "@reason",
        "userDefined": false
      },
      {
        "text": " ",
        "userDefined": false
      },
      {
        "text": "tomorrow",
        "alias": "date",
        "meta": "@sys.date",
        "userDefined": false
      },
      {
        "text": " ",
        "userDefined": false
      },
      {
        "text": "from 14 pm to 17 pm",
        "alias": "time-period",
        "meta": "@sys.time-period",
        "userDefined": false
      }
    ],
    "isTemplate": false,
    "count": 0,
    "updated": 0
  },
  {
    "id": "7de70b56-fa53-4f79-8f8a-d6acd1d86a35",
    "data": [
      {
        "text": "school",
        "alias": "reason",
        "meta": "@reason",
        "userDefined": true
      },
      {
        "text": " ",
        "userDefined": false
      },
      {
        "text": "today",
        "alias": "date",
        "meta": "@sys.date",
        "userDefined": true
      },
      {
        "text": " ",
        "userDefined": false
      },
      {
        "text": "from 14 pm to 17 pm",
        "alias": "time-period",
        "meta": "@sys.time-period",
        "userDefined": true
      }
    ],
    "isTemplate": false,
    "count": 1,
    "updated": 0
  },
  {
    "id": "2ea64390-69a6-4912-9713-1abe801a03cd",
    "data": [
      {
        "text": "I\u0027m going to ",
        "userDefined": false
      },
      {
        "text": "work from home",
        "alias": "reason",
        "meta": "@reason",
        "userDefined": false
      },
      {
        "text": " ",
        "userDefined": false
      },
      {
        "text": "today",
        "alias": "date",
        "meta": "@sys.date",
        "userDefined": false
      }
    ],
    "isTemplate": false,
    "count": 1,
    "updated": 0
  },
  {
    "id": "fb65dca5-99ef-4875-9954-ec7439e6a08e",
    "data": [
      {
        "text": "Remote",
        "alias": "reason",
        "meta": "@reason",
        "userDefined": true
      },
      {
        "text": " ",
        "userDefined": false
      },
      {
        "text": "today",
        "alias": "date",
        "meta": "@sys.date",
        "userDefined": false
      }
    ],
    "isTemplate": false,
    "count": 0,
    "updated": 0
  },
  {
    "id": "9bad17e3-05b4-4e07-ba1c-304764060578",
    "data": [
      {
        "text": "I would like to be ",
        "userDefined": false
      },
      {
        "text": "remote",
        "alias": "reason",
        "meta": "@reason",
        "userDefined": false
      },
      {
        "text": " ",
        "userDefined": false
      },
      {
        "text": "from 2nd Feb to 2nd March",
        "alias": "date-period",
        "meta": "@sys.date-period",
        "userDefined": true
      }
    ],
    "isTemplate": false,
    "count": 0,
    "updated": 0
  },
  {
    "id": "5d0a89dd-d41d-451b-ad41-b31c56089152",
    "data": [
      {
        "text": "Holiday",
        "alias": "reason",
        "meta": "@reason",
        "userDefined": false
      },
      {
        "text": " ",
        "userDefined": false
      },
      {
        "text": "2.03 - 11.03",
        "alias": "date-period",
        "meta": "@sys.date-period",
        "userDefined": false
      }
    ],
    "isTemplate": false,
    "count": 1,
    "updated": 0
  },
  {
    "id": "cae17bf8-874d-4099-aaa0-3631e8c56fed",
    "data": [
      {
        "text": "Hi, I want to declare absence on ",
        "userDefined": false
      },
      {
        "text": "the first march",
        "alias": "date",
        "meta": "@sys.date",
        "userDefined": false
      },
      {
        "text": " ",
        "userDefined": false
      },
      {
        "text": "between 8 AM and 11 AM",
        "alias": "time-period",
        "meta": "@sys.time-period",
        "userDefined": true
      },
      {
        "text": " because of ",
        "userDefined": false
      },
      {
        "text": "school",
        "alias": "reason",
        "meta": "@reason",
        "userDefined": false
      }
    ],
    "isTemplate": false,
    "count": 0,
    "updated": 1548765755
  },
  {
    "id": "a9731ab0-50c7-4e97-967e-0de6b419d042",
    "data": [
      {
        "text": "I’d like to have ",
        "userDefined": false
      },
      {
        "text": "holidays",
        "alias": "reason",
        "meta": "@reason",
        "userDefined": false
      },
      {
        "text": " ",
        "userDefined": false
      },
      {
        "text": "from 18 to 22 february",
        "alias": "date-period",
        "meta": "@sys.date-period",
        "userDefined": false
      }
    ],
    "isTemplate": false,
    "count": 1,
    "updated": 0
  },
  {
    "id": "1a7aecf0-bef3-4aac-b7d6-babd1bf41a0d",
    "data": [
      {
        "text": "I will be working ",
        "userDefined": false
      },
      {
        "text": "remotely",
        "alias": "reason",
        "meta": "@reason",
        "userDefined": true
      },
      {
        "text": " ",
        "userDefined": false
      },
      {
        "text": "today",
        "alias": "date",
        "meta": "@sys.date",
        "userDefined": false
      }
    ],
    "isTemplate": false,
    "count": 0,
    "updated": 0
  },
  {
    "id": "931af9f8-b153-454b-b488-e194d98aebaa",
    "data": [
      {
        "text": "conference",
        "alias": "reason",
        "meta": "@reason",
        "userDefined": false
      },
      {
        "text": " ",
        "userDefined": false
      },
      {
        "text": "February 7-8",
        "alias": "date-period",
        "meta": "@sys.date-period",
        "userDefined": false
      }
    ],
    "isTemplate": false,
    "count": 0,
    "updated": 0
  },
  {
    "id": "2f05c9ed-38c4-4ed6-9c78-3342f2f2bc1f",
    "data": [
      {
        "text": "Hi, I want to declare absence on ",
        "userDefined": false
      },
      {
        "text": "the first march",
        "alias": "date",
        "meta": "@sys.date",
        "userDefined": false
      },
      {
        "text": " between ",
        "userDefined": false
      },
      {
        "text": "8 AM",
        "alias": "time-start",
        "meta": "@sys.time",
        "userDefined": false
      },
      {
        "text": " and ",
        "userDefined": false
      },
      {
        "text": "11 AM",
        "alias": "time-end",
        "meta": "@sys.time",
        "userDefined": false
      },
      {
        "text": " because of ",
        "userDefined": false
      },
      {
        "text": "school",
        "alias": "reason",
        "meta": "@reason",
        "userDefined": false
      }
    ],
    "isTemplate": false,
    "count": 0,
    "updated": 1548765755
  },
  {
    "id": "52608901-ed83-485d-bb4d-3eb0cba5f1f8",
    "data": [
      {
        "text": "Hi, ",
        "userDefined": false
      },
      {
        "text": "school",
        "alias": "reason",
        "meta": "@reason",
        "userDefined": false
      },
      {
        "text": ", ",
        "userDefined": false
      },
      {
        "text": "1.03.2019",
        "alias": "date",
        "meta": "@sys.date",
        "userDefined": false
      },
      {
        "text": " ",
        "userDefined": false
      },
      {
        "text": "8:00AM",
        "alias": "time-start",
        "meta": "@sys.time",
        "userDefined": true
      },
      {
        "text": " to ",
        "userDefined": false
      },
      {
        "text": "11:00AM",
        "alias": "time-end",
        "meta": "@sys.time",
        "userDefined": true
      }
    ],
    "isTemplate": false,
    "count": 0,
    "updated": 0
  },
  {
    "id": "5e4eb19e-3a5a-46b9-937a-1b799d502719",
    "data": [
      {
        "text": "Hi, ",
        "userDefined": false
      },
      {
        "text": "school",
        "alias": "reason",
        "meta": "@reason",
        "userDefined": false
      },
      {
        "text": ", ",
        "userDefined": false
      },
      {
        "text": "1.03.2019",
        "alias": "date",
        "meta": "@sys.date",
        "userDefined": false
      },
      {
        "text": " between ",
        "userDefined": false
      },
      {
        "text": "7:00AM",
        "alias": "time-start",
        "meta": "@sys.time",
        "userDefined": true
      },
      {
        "text": " to ",
        "userDefined": false
      },
      {
        "text": "10:00AM",
        "alias": "time-end",
        "meta": "@sys.time",
        "userDefined": true
      }
    ],
    "isTemplate": false,
    "count": 0,
    "updated": 1548765755
  },
  {
    "id": "050d805b-caca-4d5d-8384-076d4836aa53",
    "data": [
      {
        "text": "Hi, would like request for ",
        "userDefined": false
      },
      {
        "text": "holiday",
        "alias": "reason",
        "meta": "@reason",
        "userDefined": false
      },
      {
        "text": " ",
        "userDefined": false
      },
      {
        "text": "from march second to march eleventh",
        "alias": "date-period",
        "meta": "@sys.date-period",
        "userDefined": false
      },
      {
        "text": ", wanna go skiing",
        "userDefined": false
      }
    ],
    "isTemplate": false,
    "count": 0,
    "updated": 1548765755
  },
  {
    "id": "ff32a79c-5fbc-4c96-bacb-0df9711896e2",
    "data": [
      {
        "text": "A would like to go to ",
        "userDefined": false
      },
      {
        "text": "vacation",
        "alias": "reason",
        "meta": "@reason",
        "userDefined": false
      }
    ],
    "isTemplate": false,
    "count": 0,
    "updated": 0
  },
  {
    "id": "9230f309-f8a9-4a20-8b43-81d91631a1a4",
    "data": [
      {
        "text": "I want ",
        "userDefined": false
      },
      {
        "text": "holiday",
        "alias": "reason",
        "meta": "@reason",
        "userDefined": false
      },
      {
        "text": " on ",
        "userDefined": false
      },
      {
        "text": "04.02.2019",
        "alias": "date",
        "meta": "@sys.date",
        "userDefined": false
      }
    ],
    "isTemplate": false,
    "count": 0,
    "updated": 1548765755
  },
  {
    "id": "a88d1a30-b2db-4073-8c94-5ca7d34c28e3",
    "data": [
      {
        "text": "i’m working ",
        "userDefined": false
      },
      {
        "text": "remotely",
        "alias": "reason",
        "meta": "@reason",
        "userDefined": false
      },
      {
        "text": " ",
        "userDefined": false
      },
      {
        "text": "today",
        "alias": "date",
        "meta": "@sys.date",
        "userDefined": false
      }
    ],
    "isTemplate": false,
    "count": 0,
    "updated": 0
  },
  {
    "id": "a277d982-15e4-4deb-b18c-54a60b9e67fc",
    "data": [
      {
        "text": "I\u0027ll work ",
        "userDefined": false
      },
      {
        "text": "today",
        "alias": "date",
        "meta": "@sys.date",
        "userDefined": false
      },
      {
        "text": " ",
        "userDefined": false
      },
      {
        "text": "remotely",
        "alias": "reason",
        "meta": "@reason",
        "userDefined": true
      }
    ],
    "isTemplate": false,
    "count": 1,
    "updated": 0
  },
  {
    "id": "849dff1b-4f44-4885-9a68-19b4caf5c03d",
    "data": [
      {
        "text": "I’m ",
        "userDefined": false
      },
      {
        "text": "working from home",
        "alias": "reason",
        "meta": "@reason",
        "userDefined": false
      }
    ],
    "isTemplate": false,
    "count": 0,
    "updated": 0
  },
  {
    "id": "5c331727-e9b0-474f-825b-f210fbc5cc88",
    "data": [
      {
        "text": "I want to take a day off on ",
        "userDefined": false
      },
      {
        "text": "February 5",
        "alias": "date",
        "meta": "@sys.date",
        "userDefined": false
      }
    ],
    "isTemplate": false,
    "count": 0,
    "updated": 0
  },
  {
    "id": "981d5dfe-b0b2-4688-b538-f704007b1412",
    "data": [
      {
        "text": "Illness",
        "alias": "reason",
        "meta": "@reason",
        "userDefined": false
      },
      {
        "text": " ",
        "userDefined": false
      },
      {
        "text": "January 15th 2019 - January 18th 2019",
        "alias": "date-period",
        "meta": "@sys.date-period",
        "userDefined": true
      }
    ],
    "isTemplate": false,
    "count": 0,
    "updated": 0
  },
  {
    "id": "7ff74ba1-179a-47cc-966c-d607b3f45e11",
    "data": [
      {
        "text": "Holiday",
        "alias": "reason",
        "meta": "@reason",
        "userDefined": false
      },
      {
        "text": " ",
        "userDefined": false
      },
      {
        "text": "from 18.02.2019 till 01.03.2019",
        "alias": "date-period",
        "meta": "@sys.date-period",
        "userDefined": true
      }
    ],
    "isTemplate": false,
    "count": 0,
    "updated": 0
  },
  {
    "id": "4c87ff10-bee6-44ae-88c6-8221d47305cb",
    "data": [
      {
        "text": "remote",
        "alias": "reason",
        "meta": "@reason",
        "userDefined": false
      },
      {
        "text": " ",
        "userDefined": false
      },
      {
        "text": "2019-01-15",
        "alias": "date",
        "meta": "@sys.date",
        "userDefined": false
      },
      {
        "text": " ",
        "userDefined": false
      },
      {
        "text": "10:00",
        "alias": "time-start",
        "meta": "@sys.time",
        "userDefined": false
      },
      {
        "text": "-",
        "userDefined": false
      },
      {
        "text": "16:00",
        "alias": "time-end",
        "meta": "@sys.time",
        "userDefined": false
      }
    ],
    "isTemplate": false,
    "count": 0,
    "updated": 0
  },
  {
    "id": "f21cf1cd-e0b2-43b9-9528-04c608abc2b8",
    "data": [
      {
        "text": "remote",
        "alias": "reason",
        "meta": "@reason",
        "userDefined": false
      },
      {
        "text": " ",
        "userDefined": false
      },
      {
        "text": "2019-01-15",
        "alias": "date",
        "meta": "@sys.date",
        "userDefined": false
      }
    ],
    "isTemplate": false,
    "count": 0,
    "updated": 0
  },
  {
    "id": "a8557720-a389-4566-9333-8bd2f2b1dc28",
    "data": [
      {
        "text": "remote",
        "alias": "reason",
        "meta": "@reason",
        "userDefined": false
      },
      {
        "text": " ",
        "userDefined": false
      },
      {
        "text": "15.01",
        "alias": "date",
        "meta": "@sys.date",
        "userDefined": false
      },
      {
        "text": " between ",
        "userDefined": false
      },
      {
        "text": "10:00",
        "alias": "time-start",
        "meta": "@sys.time",
        "userDefined": true
      },
      {
        "text": "-",
        "userDefined": false
      },
      {
        "text": "16:00",
        "alias": "time-end",
        "meta": "@sys.time",
        "userDefined": true
      }
    ],
    "isTemplate": false,
    "count": 1,
    "updated": 1549008605
  },
  {
    "id": "2f59332a-78ad-440a-938c-6ec1fc0e7030",
    "data": [
      {
        "text": "remote",
        "alias": "reason",
        "meta": "@reason",
        "userDefined": false
      },
      {
        "text": " ",
        "userDefined": false
      },
      {
        "text": "15th Jan",
        "alias": "date",
        "meta": "@sys.date",
        "userDefined": false
      },
      {
        "text": " \u003cspan class\u003d\"selection\" selection-value\u003d\"@sys.ignore\" selection-user-defined\u003d\"false\"\u003ebetween ",
        "userDefined": false
      },
      {
        "text": "10am",
        "alias": "time-start",
        "meta": "@sys.time",
        "userDefined": true
      },
      {
        "text": " and ",
        "userDefined": false
      },
      {
        "text": "4pm",
        "alias": "time-end",
        "meta": "@sys.time",
        "userDefined": true
      },
      {
        "text": "\u003c/span\u003e",
        "userDefined": false
      }
    ],
    "isTemplate": false,
    "count": 1,
    "updated": 1549008605
  },
  {
    "id": "9fae2af9-8c9d-4208-ab2d-97ede622869d",
    "data": [
      {
        "text": "I’d like to work ",
        "userDefined": false
      },
      {
        "text": "remotely",
        "alias": "reason",
        "meta": "@reason",
        "userDefined": false
      },
      {
        "text": " ",
        "userDefined": false
      },
      {
        "text": "Jan 15th",
        "alias": "date",
        "meta": "@sys.date",
        "userDefined": false
      },
      {
        "text": " between ",
        "userDefined": false
      },
      {
        "text": "10am",
        "alias": "time-start",
        "meta": "@sys.time",
        "userDefined": false
      },
      {
        "text": " and ",
        "userDefined": false
      },
      {
        "text": "4pm",
        "alias": "time-end",
        "meta": "@sys.time",
        "userDefined": false
      }
    ],
    "isTemplate": false,
    "count": 0,
    "updated": 0
  },
  {
    "id": "91c888f5-3cdf-4d5e-994d-6f92184a3364",
    "data": [
      {
        "text": "I’d like to work ",
        "userDefined": false
      },
      {
        "text": "remotely",
        "alias": "reason",
        "meta": "@reason",
        "userDefined": false
      },
      {
        "text": " ",
        "userDefined": false
      },
      {
        "text": "15.01",
        "alias": "date",
        "meta": "@sys.date",
        "userDefined": false
      },
      {
        "text": " between ",
        "userDefined": false
      },
      {
        "text": "10am",
        "alias": "time-start",
        "meta": "@sys.time",
        "userDefined": false
      },
      {
        "text": " and ",
        "userDefined": false
      },
      {
        "text": "4pm",
        "alias": "time-end",
        "meta": "@sys.time",
        "userDefined": false
      }
    ],
    "isTemplate": false,
    "count": 0,
    "updated": 0
  },
  {
    "id": "5ca52f32-7143-49c7-93a5-9e2adbcd0804",
    "data": [
      {
        "text": "I’d like to work ",
        "userDefined": false
      },
      {
        "text": "remotely",
        "alias": "reason",
        "meta": "@reason",
        "userDefined": false
      },
      {
        "text": " ",
        "userDefined": false
      },
      {
        "text": "15.01",
        "alias": "date",
        "meta": "@sys.date",
        "userDefined": false
      },
      {
        "text": " between ",
        "userDefined": false
      },
      {
        "text": "10:00",
        "alias": "time-start",
        "meta": "@sys.time",
        "userDefined": false
      },
      {
        "text": "-",
        "userDefined": false
      },
      {
        "text": "16:00",
        "alias": "time-end",
        "meta": "@sys.time",
        "userDefined": false
      }
    ],
    "isTemplate": false,
    "count": 0,
    "updated": 0
  },
  {
    "id": "b0ad2928-3160-4a3a-8102-93b7c0fde567",
    "data": [
      {
        "text": "I’ll be off since ",
        "userDefined": false
      },
      {
        "text": "26.04",
        "alias": "date-start",
        "meta": "@sys.date",
        "userDefined": false
      },
      {
        "text": " to ",
        "userDefined": false
      },
      {
        "text": "03.05",
        "alias": "date-end",
        "meta": "@sys.date",
        "userDefined": false
      }
    ],
    "isTemplate": false,
    "count": 1,
    "updated": 0
  },
  {
    "id": "7818e12c-9a41-4c9c-b74f-dd1326ee6a52",
    "data": [
      {
        "text": "I’m on the ",
        "userDefined": false
      },
      {
        "text": "conference",
        "alias": "reason",
        "meta": "@reason",
        "userDefined": false
      },
      {
        "text": " ",
        "userDefined": false
      },
      {
        "text": "on 21-22 february",
        "alias": "date-period",
        "meta": "@sys.date-period",
        "userDefined": false
      }
    ],
    "isTemplate": false,
    "count": 0,
    "updated": 1549008605
  },
  {
    "id": "e7a45d56-b90e-4c73-ab59-01c9ef31b3fb",
    "data": [
      {
        "text": "I’m on a ",
        "userDefined": false
      },
      {
        "text": "conference",
        "alias": "reason",
        "meta": "@reason",
        "userDefined": false
      },
      {
        "text": " ",
        "userDefined": false
      },
      {
        "text": "8-10 april",
        "alias": "date-period",
        "meta": "@sys.date-period",
        "userDefined": false
      }
    ],
    "isTemplate": false,
    "count": 0,
    "updated": 1549008605
  },
  {
    "id": "68c33127-6f93-41e9-b3d2-de8adf732018",
    "data": [
      {
        "text": "holiday",
        "alias": "reason",
        "meta": "@reason",
        "userDefined": false
      }
    ],
    "isTemplate": false,
    "count": 6,
    "updated": 1544652721
  },
  {
    "id": "19805aa1-c35e-4049-a38a-d9b0fb675341",
    "data": [
      {
        "text": "I need ",
        "userDefined": false
      },
      {
        "text": "vacation",
        "alias": "reason",
        "meta": "@reason",
        "userDefined": false
      },
      {
        "text": " on ",
        "userDefined": false
      },
      {
        "text": "8 February",
        "alias": "date",
        "meta": "@sys.date",
        "userDefined": false
      }
    ],
    "isTemplate": false,
    "count": 0,
    "updated": 1549008605
  },
  {
    "id": "4bd4dabe-5789-4b43-b1b2-c6629cdb855f",
    "data": [
      {
        "text": "I would like to have a ",
        "userDefined": false
      },
      {
        "text": "holiday",
        "alias": "reason",
        "meta": "@reason",
        "userDefined": false
      },
      {
        "text": " ",
        "userDefined": false
      },
      {
        "text": "from 4th March to 8th March",
        "alias": "date-period",
        "meta": "@sys.date-period",
        "userDefined": true
      }
    ],
    "isTemplate": false,
    "count": 0,
    "updated": 0
  },
  {
    "id": "2433b71f-05fd-4676-affd-d96b20f0ae39",
    "data": [
      {
        "text": "holiday",
        "alias": "reason",
        "meta": "@reason",
        "userDefined": false
      },
      {
        "text": " ",
        "userDefined": false
      },
      {
        "text": "from 4th March to 8th March",
        "alias": "date-period",
        "meta": "@sys.date-period",
        "userDefined": true
      }
    ],
    "isTemplate": false,
    "count": 0,
    "updated": 0
  },
  {
    "id": "1e7cb0df-fcb8-4650-8ea8-a9b3b4d02d8f",
    "data": [
      {
        "text": "holiday",
        "alias": "reason",
        "meta": "@reason",
        "userDefined": false
      },
      {
        "text": " from ",
        "userDefined": false
      },
      {
        "text": "4th March 8am",
        "alias": "date-time-start",
        "meta": "@sys.date-time",
        "userDefined": true
      },
      {
        "text": " to ",
        "userDefined": false
      },
      {
        "text": "8th March 12pm",
        "alias": "date-time-end",
        "meta": "@sys.date-time",
        "userDefined": true
      }
    ],
    "isTemplate": false,
    "count": 0,
    "updated": 0
  },
  {
    "id": "1cdca46a-e9b8-42d3-9d53-2d94a8aaafa2",
    "data": [
      {
        "text": "holiday",
        "alias": "reason",
        "meta": "@reason",
        "userDefined": false
      },
      {
        "text": " from ",
        "userDefined": false
      },
      {
        "text": "4 March",
        "alias": "date-start",
        "meta": "@sys.date",
        "userDefined": false
      },
      {
        "text": " to ",
        "userDefined": false
      },
      {
        "text": "8th March 12pm",
        "alias": "date-time-end",
        "meta": "@sys.date-time",
        "userDefined": true
      }
    ],
    "isTemplate": false,
    "count": 0,
    "updated": 0
  },
  {
    "id": "cf999591-55a1-4be4-b605-4a026f322e84",
    "data": [
      {
        "text": "vacation",
        "alias": "reason",
        "meta": "@reason",
        "userDefined": false
      },
      {
        "text": " from ",
        "userDefined": false
      },
      {
        "text": "04.02.2019",
        "alias": "date-start",
        "meta": "@sys.date",
        "userDefined": false
      },
      {
        "text": " to ",
        "userDefined": false
      },
      {
        "text": "08.02.2019",
        "alias": "date-end",
        "meta": "@sys.date",
        "userDefined": false
      }
    ],
    "isTemplate": false,
    "count": 0,
    "updated": 0
  },
  {
    "id": "14002f9d-7952-44d7-93cf-6b92d9d446e6",
    "data": [
      {
        "text": "Can I take one day off at ",
        "userDefined": false
      },
      {
        "text": "16 September",
        "alias": "date",
        "meta": "@sys.date",
        "userDefined": false
      },
      {
        "text": "?",
        "userDefined": false
      }
    ],
    "isTemplate": false,
    "count": 0,
    "updated": 0
  },
  {
    "id": "68cc798e-fd25-4d00-9b5b-eedb143df470",
    "data": [
      {
        "text": "i’ll be off ",
        "userDefined": false
      },
      {
        "text": "17-20.01",
        "alias": "date-period",
        "meta": "@sys.date-period",
        "userDefined": false
      },
      {
        "text": ", because of ",
        "userDefined": false
      },
      {
        "text": "sick",
        "alias": "reason",
        "meta": "@reason",
        "userDefined": false
      }
    ],
    "isTemplate": false,
    "count": 0,
    "updated": 0
  },
  {
    "id": "a671829f-b98d-41b1-97b4-44f2213bc3c3",
    "data": [
      {
        "text": "sick",
        "alias": "reason",
        "meta": "@reason",
        "userDefined": false
      },
      {
        "text": ", ",
        "userDefined": false
      },
      {
        "text": "18-20.01",
        "alias": "date",
        "meta": "@sys.date",
        "userDefined": false
      }
    ],
    "isTemplate": false,
    "count": 0,
    "updated": 0
  },
  {
    "id": "51e7ba6e-95bb-49bc-9646-d00f934f3155",
    "data": [
      {
        "text": "i feel ",
        "userDefined": false
      },
      {
        "text": "sick",
        "alias": "reason",
        "meta": "@reason",
        "userDefined": false
      }
    ],
    "isTemplate": false,
    "count": 2,
    "updated": 1544652721
  },
  {
    "id": "cb9010b7-d6ac-4cfb-bc28-230932591b6d",
    "data": [
      {
        "text": "Remote ",
        "userDefined": false
      },
      {
        "text": "today",
        "alias": "date",
        "meta": "@sys.date",
        "userDefined": false
      },
      {
        "text": " ",
        "userDefined": false
      },
      {
        "text": "sick",
        "alias": "reason",
        "meta": "@reason",
        "userDefined": false
      }
    ],
    "isTemplate": false,
    "count": 0,
    "updated": 0
  },
  {
    "id": "e477b8f8-ee24-405e-a2ec-1fecb0aac41a",
    "data": [
      {
        "text": "I\u0027ll be off ",
        "userDefined": false
      },
      {
        "text": "today",
        "alias": "date",
        "meta": "@sys.date",
        "userDefined": false
      }
    ],
    "isTemplate": false,
    "count": 0,
    "updated": 1549008605
  },
  {
    "id": "3f831de1-f1f7-40dc-82eb-fdb3c02b911d",
    "data": [
      {
        "text": "I working ",
        "userDefined": false
      },
      {
        "text": "remotely",
        "alias": "reason",
        "meta": "@reason",
        "userDefined": false
      },
      {
        "text": " ",
        "userDefined": false
      },
      {
        "text": "today",
        "alias": "date",
        "meta": "@sys.date",
        "userDefined": false
      }
    ],
    "isTemplate": false,
    "count": 0,
    "updated": 0
  },
  {
    "id": "7f126432-3eeb-492f-8015-acb074dbc03f",
    "data": [
      {
        "text": "I’ll be off since ",
        "userDefined": false
      },
      {
        "text": "12.06",
        "alias": "date-start",
        "meta": "@sys.date",
        "userDefined": false
      },
      {
        "text": " to ",
        "userDefined": false
      },
      {
        "text": "14.06",
        "alias": "date-end",
        "meta": "@sys.date",
        "userDefined": false
      }
    ],
    "isTemplate": false,
    "count": 0,
    "updated": 0
  },
  {
    "id": "32741c05-84b9-4b4c-875d-a9f110cbfb8b",
    "data": [
      {
        "text": "I just feel ",
        "userDefined": false
      },
      {
        "text": "sick",
        "alias": "reason",
        "meta": "@reason",
        "userDefined": false
      },
      {
        "text": " and I want to stay at home",
        "userDefined": false
      }
    ],
    "isTemplate": false,
    "count": 0,
    "updated": 0
  },
  {
    "id": "f27e5aca-effb-49b0-839f-ed715f93768f",
    "data": [
      {
        "text": "I will be off since ",
        "userDefined": false
      },
      {
        "text": "17.01.2019",
        "alias": "date-start",
        "meta": "@sys.date",
        "userDefined": false
      },
      {
        "text": " to ",
        "userDefined": false
      },
      {
        "text": "20.01.2019",
        "alias": "date",
        "meta": "@sys.date",
        "userDefined": false
      }
    ],
    "isTemplate": false,
    "count": 0,
    "updated": 0
  },
  {
    "id": "3abf63bb-41f7-450f-95f6-f1cfa8fec4a1",
    "data": [
      {
        "text": "illness",
        "alias": "reason",
        "meta": "@reason",
        "userDefined": false
      }
    ],
    "isTemplate": false,
    "count": 0,
    "updated": 0
  },
  {
    "id": "e44a4b6c-7736-4a9e-a018-d1c056b2f6eb",
    "data": [
      {
        "text": "I want to take a day off, because of ",
        "userDefined": false
      },
      {
        "text": "illness",
        "alias": "reason",
        "meta": "@reason",
        "userDefined": false
      },
      {
        "text": ". I want to be off for the ",
        "userDefined": false
      },
      {
        "text": "rest of the week",
        "alias": "date-period",
        "meta": "@sys.date-period",
        "userDefined": true
      }
    ],
    "isTemplate": false,
    "count": 0,
    "updated": 0
  },
  {
    "id": "89bacb53-8e51-44a7-970c-7fc8d16d0aad",
    "data": [
      {
        "text": "I want to take day off because of ",
        "userDefined": false
      },
      {
        "text": "illness",
        "alias": "reason",
        "meta": "@reason",
        "userDefined": false
      },
      {
        "text": ". I will be off ",
        "userDefined": false
      },
      {
        "text": "17-20.01.2019",
        "alias": "date-period",
        "meta": "@sys.date-period",
        "userDefined": false
      }
    ],
    "isTemplate": false,
    "count": 0,
    "updated": 0
  },
  {
    "id": "811ef629-3662-420e-881f-daaaaed536fd",
    "data": [
      {
        "text": "I want to take one day ",
        "userDefined": false
      },
      {
        "text": "remote",
        "alias": "reason",
        "meta": "@reason",
        "userDefined": false
      }
    ],
    "isTemplate": false,
    "count": 0,
    "updated": 0
  },
  {
    "id": "b9d7c664-16cc-49ab-9471-e2a14f3f6904",
    "data": [
      {
        "text": "I want to go on a ",
        "userDefined": false
      },
      {
        "text": "holiday",
        "alias": "reason",
        "meta": "@reason",
        "userDefined": false
      }
    ],
    "isTemplate": false,
    "count": 0,
    "updated": 0
  },
  {
    "id": "0222e6f6-166e-408c-b2d0-94715cf7f94f",
    "data": [
      {
        "text": "I want to go on a ",
        "userDefined": false
      },
      {
        "text": "holiday",
        "alias": "reason",
        "meta": "@reason",
        "userDefined": false
      },
      {
        "text": ". It will be ",
        "userDefined": false
      },
      {
        "text": "28.01-01.02",
        "alias": "date-period",
        "meta": "@sys.date-period",
        "userDefined": false
      }
    ],
    "isTemplate": false,
    "count": 0,
    "updated": 0
  },
  {
    "id": "30c65c62-4c03-4bef-b2f0-b9b14e04d7f4",
    "data": [
      {
        "text": "I will be on ",
        "userDefined": false
      },
      {
        "text": "conference",
        "alias": "reason",
        "meta": "@reason",
        "userDefined": false
      },
      {
        "text": " ",
        "userDefined": false
      },
      {
        "text": "from January 9 to January 11",
        "alias": "date-period",
        "meta": "@sys.date-period",
        "userDefined": false
      }
    ],
    "isTemplate": false,
    "count": 0,
    "updated": 0
  },
  {
    "id": "502c402f-ad94-403b-920b-15e9fc4cb2ea",
    "data": [
      {
        "text": "hey, I’m ",
        "userDefined": false
      },
      {
        "text": "sick",
        "alias": "reason",
        "meta": "@reason",
        "userDefined": false
      },
      {
        "text": ", will be off ",
        "userDefined": false
      },
      {
        "text": "till the end of the week",
        "alias": "date-period",
        "meta": "@sys.date-period",
        "userDefined": true
      }
    ],
    "isTemplate": false,
    "count": 0,
    "updated": 0
  },
  {
    "id": "5037aede-7711-40c6-9e1e-625db3c285ae",
    "data": [
      {
        "text": "I’m going on ",
        "userDefined": false
      },
      {
        "text": "vacation",
        "alias": "reason",
        "meta": "@reason",
        "userDefined": false
      },
      {
        "text": " ",
        "userDefined": false
      },
      {
        "text": "between 16 and 19 of January",
        "alias": "date-period",
        "meta": "@sys.date-period",
        "userDefined": true
      }
    ],
    "isTemplate": false,
    "count": 0,
    "updated": 0
  },
  {
    "id": "761771bf-daec-4025-80ce-9a8c9540ae42",
    "data": [
      {
        "text": "I will be absent ",
        "userDefined": false
      },
      {
        "text": "on Friday",
        "alias": "date",
        "meta": "@sys.date",
        "userDefined": false
      },
      {
        "text": " from ",
        "userDefined": false
      },
      {
        "text": "8am",
        "alias": "time-start",
        "meta": "@sys.time",
        "userDefined": false
      },
      {
        "text": " till ",
        "userDefined": false
      },
      {
        "text": "5pm",
        "alias": "time-end",
        "meta": "@sys.time",
        "userDefined": false
      },
      {
        "text": " because of ",
        "userDefined": false
      },
      {
        "text": "holidays",
        "alias": "reason",
        "meta": "@reason",
        "userDefined": false
      }
    ],
    "isTemplate": false,
    "count": 2,
    "updated": 1549008605
  },
  {
    "id": "c10ea2e0-aa6b-4738-94d7-d71fdccd27c4",
    "data": [
      {
        "text": "I will be off between ",
        "userDefined": false
      },
      {
        "text": "7:45am",
        "alias": "time-start",
        "meta": "@sys.time",
        "userDefined": false
      },
      {
        "text": " and ",
        "userDefined": false
      },
      {
        "text": "11:00am",
        "alias": "time-end",
        "meta": "@sys.time",
        "userDefined": false
      },
      {
        "text": " ",
        "userDefined": false
      },
      {
        "text": "tomorrow",
        "alias": "date",
        "meta": "@sys.date",
        "userDefined": true
      },
      {
        "text": " because of ",
        "userDefined": false
      },
      {
        "text": "school",
        "alias": "reason",
        "meta": "@reason",
        "userDefined": false
      }
    ],
    "isTemplate": false,
    "count": 2,
    "updated": 1549008605
  },
  {
    "id": "1f827540-54b5-4f39-aa0c-2caa8ebf655f",
    "data": [
      {
        "text": "I will be off ",
        "userDefined": false
      },
      {
        "text": "next Wednesday",
        "alias": "date",
        "meta": "@sys.date",
        "userDefined": false
      },
      {
        "text": " ",
        "userDefined": false
      },
      {
        "text": "9:00",
        "alias": "time-start",
        "meta": "@sys.time",
        "userDefined": false
      },
      {
        "text": "-",
        "userDefined": false
      },
      {
        "text": "11:00",
        "alias": "time-end",
        "meta": "@sys.time",
        "userDefined": false
      },
      {
        "text": " because of ",
        "userDefined": false
      },
      {
        "text": "school",
        "alias": "reason",
        "meta": "@reason",
        "userDefined": false
      }
    ],
    "isTemplate": false,
    "count": 1,
    "updated": 1549008605
  },
  {
    "id": "e5ababd7-ccfe-4c6e-9c72-b76767c6c997",
    "data": [
      {
        "text": "I\u0027ll work ",
        "userDefined": false
      },
      {
        "text": "today",
        "alias": "date",
        "meta": "@sys.date",
        "userDefined": false
      },
      {
        "text": " from ",
        "userDefined": false
      },
      {
        "text": "home",
        "alias": "reason",
        "meta": "@reason",
        "userDefined": false
      }
    ],
    "isTemplate": false,
    "count": 0,
    "updated": 1549008605
  },
  {
    "id": "ad0788c8-6da1-4bab-bd88-d017d1eeb5e1",
    "data": [
      {
        "text": "I\u0027ll be absent ",
        "userDefined": false
      },
      {
        "text": "today",
        "alias": "date",
        "meta": "@sys.date",
        "userDefined": false
      }
    ],
    "isTemplate": false,
    "count": 0,
    "updated": 1549008605
  },
  {
    "id": "a2b5ea81-d6f9-47c7-b0cd-a7592f3ee747",
    "data": [
      {
        "text": "free",
        "meta": "@sys.ignore",
        "userDefined": false
      },
      {
        "text": " ",
        "userDefined": false
      },
      {
        "text": "24th - 27th December",
        "alias": "date-period",
        "meta": "@sys.date-period",
        "userDefined": true
      }
    ],
    "isTemplate": false,
    "count": 0,
    "updated": 1549008605
  },
  {
    "id": "11f8fa38-e86a-4ef1-a566-ccdf33f273a6",
    "data": [
      {
        "text": "will be absent from ",
        "userDefined": false
      },
      {
        "text": "8:00",
        "alias": "time-start",
        "meta": "@sys.time",
        "userDefined": false
      },
      {
        "text": " till ",
        "userDefined": false
      },
      {
        "text": "13:00",
        "alias": "time-end",
        "meta": "@sys.time",
        "userDefined": false
      },
      {
        "text": " at ",
        "userDefined": false
      },
      {
        "text": "25th December",
        "alias": "date",
        "meta": "@sys.date",
        "userDefined": false
      },
      {
        "text": " because of ",
        "userDefined": false
      },
      {
        "text": "holidays",
        "alias": "reason",
        "meta": "@reason",
        "userDefined": false
      }
    ],
    "isTemplate": false,
    "count": 0,
    "updated": 1549008605
  },
  {
    "id": "c0058646-aa12-4be1-9db4-d5515e019362",
    "data": [
      {
        "text": "I will be absent ",
        "userDefined": false
      },
      {
        "text": "tomorrow",
        "alias": "date",
        "meta": "@sys.date",
        "userDefined": false
      },
      {
        "text": " from ",
        "userDefined": false
      },
      {
        "text": "14:01",
        "alias": "time-start",
        "meta": "@sys.time",
        "userDefined": false
      },
      {
        "text": " till ",
        "userDefined": false
      },
      {
        "text": "14:02",
        "alias": "time-end",
        "meta": "@sys.time",
        "userDefined": false
      },
      {
        "text": " because of ",
        "userDefined": false
      },
      {
        "text": "holidays",
        "alias": "reason",
        "meta": "@reason",
        "userDefined": false
      }
    ],
    "isTemplate": false,
    "count": 0,
    "updated": 1549008605
  },
  {
    "id": "c55b6233-4be7-4c13-8ad5-dc369d345bc1",
    "data": [
      {
        "text": "Today",
        "alias": "date-start",
        "meta": "@sys.date",
        "userDefined": false
      },
      {
        "text": " until ",
        "userDefined": false
      },
      {
        "text": "tomorrow",
        "alias": "date-end",
        "meta": "@sys.date",
        "userDefined": false
      },
      {
        "text": ", ",
        "userDefined": false
      },
      {
        "text": "sick",
        "alias": "reason",
        "meta": "@reason",
        "userDefined": false
      }
    ],
    "isTemplate": false,
    "count": 1,
    "updated": 1549008605
  },
  {
    "id": "e233840f-054a-4368-b23a-12c0e5160b63",
    "data": [
      {
        "text": "I\u0027ll be absent at ",
        "userDefined": false
      },
      {
        "text": "24th of December",
        "alias": "date",
        "meta": "@sys.date",
        "userDefined": false
      }
    ],
    "isTemplate": false,
    "count": 1,
    "updated": 1549008605
  },
  {
    "id": "748cea29-43c2-40f1-8681-8133118c2806",
    "data": [
      {
        "text": "I\u0027ll be absent at ",
        "userDefined": false
      },
      {
        "text": "24th of December",
        "alias": "date",
        "meta": "@sys.date",
        "userDefined": false
      },
      {
        "text": " because of ",
        "userDefined": false
      },
      {
        "text": "holidays",
        "alias": "reason",
        "meta": "@reason",
        "userDefined": true
      }
    ],
    "isTemplate": false,
    "count": 1,
    "updated": 1549008605
  },
  {
    "id": "035b03cb-4a3d-4a2d-8c8c-087ddb4a4cbf",
    "data": [
      {
        "text": "I will be absent from ",
        "userDefined": false
      },
      {
        "text": "8:00",
        "alias": "time-start",
        "meta": "@sys.time",
        "userDefined": false
      },
      {
        "text": " till ",
        "userDefined": false
      },
      {
        "text": "16:00",
        "alias": "time-end",
        "meta": "@sys.time",
        "userDefined": false
      },
      {
        "text": " at ",
        "userDefined": false
      },
      {
        "text": "24th December",
        "alias": "date",
        "meta": "@sys.date",
        "userDefined": false
      },
      {
        "text": " because of ",
        "userDefined": false
      },
      {
        "text": "holidays",
        "alias": "reason",
        "meta": "@reason",
        "userDefined": true
      }
    ],
    "isTemplate": false,
    "count": 1,
    "updated": 1549008605
  },
  {
    "id": "39288ed9-876b-4cd2-bbdb-91be860a34bf",
    "data": [
      {
        "text": "I will be absent ",
        "userDefined": false
      },
      {
        "text": "tomorrow",
        "alias": "date",
        "meta": "@sys.date",
        "userDefined": false
      },
      {
        "text": " from ",
        "userDefined": false
      },
      {
        "text": "12:00",
        "alias": "time-start",
        "meta": "@sys.time",
        "userDefined": false
      },
      {
        "text": " till ",
        "userDefined": false
      },
      {
        "text": "12:01",
        "alias": "time-end",
        "meta": "@sys.time",
        "userDefined": false
      }
    ],
    "isTemplate": false,
    "count": 1,
    "updated": 1549008605
  },
  {
    "id": "24a55d9a-5511-4f3b-9711-e2fffbcee6d1",
    "data": [
      {
        "text": "I will work from my ",
        "userDefined": false
      },
      {
        "text": "home",
        "alias": "reason",
        "meta": "@reason",
        "userDefined": false
      }
    ],
    "isTemplate": false,
    "count": 0,
    "updated": 1549008605
  },
  {
    "id": "35201389-6ea7-4aef-9c1d-6c416455f43f",
    "data": [
      {
        "text": "Sick",
        "alias": "reason",
        "meta": "@reason",
        "userDefined": false
      }
    ],
    "isTemplate": false,
    "count": 0,
    "updated": 0
  },
  {
    "id": "4d52d1d8-2c59-43a3-a9d1-127c2e0829e7",
    "data": [
      {
        "text": "Today",
        "alias": "date",
        "meta": "@sys.date",
        "userDefined": true
      },
      {
        "text": ", ",
        "userDefined": false
      },
      {
        "text": "Sick",
        "alias": "reason",
        "meta": "@reason",
        "userDefined": false
      }
    ],
    "isTemplate": false,
    "count": 0,
    "updated": 1549008605
  },
  {
    "id": "45e8ab7d-987f-490c-83d4-45e99ab18790",
    "data": [
      {
        "text": "24.12",
        "alias": "date",
        "meta": "@sys.date",
        "userDefined": false
      }
    ],
    "isTemplate": false,
    "count": 1,
    "updated": 0
  },
  {
    "id": "a161893a-3da7-435f-93f1-75e81202c276",
    "data": [
      {
        "text": "I will be off ",
        "userDefined": false
      },
      {
        "text": "27.12.2018",
        "alias": "date-start",
        "meta": "@sys.date",
        "userDefined": false
      },
      {
        "text": " - ",
        "userDefined": false
      },
      {
        "text": "31.12.2018",
        "alias": "date-end",
        "meta": "@sys.date",
        "userDefined": true
      }
    ],
    "isTemplate": false,
    "count": 0,
    "updated": 1549008605
  },
  {
    "id": "908b3c71-d017-4b4d-bb16-f9da2cb31173",
    "data": [
      {
        "text": "i want to schedule day offs from ",
        "userDefined": false
      },
      {
        "text": "monday",
        "alias": "date-start",
        "meta": "@sys.date",
        "userDefined": false
      },
      {
        "text": " to ",
        "userDefined": false
      },
      {
        "text": "thursday",
        "alias": "date-end",
        "meta": "@sys.date",
        "userDefined": false
      }
    ],
    "isTemplate": false,
    "count": 0,
    "updated": 1549008605
  },
  {
    "id": "e0ec9173-423a-4059-a918-7ea17d7c395e",
    "data": [
      {
        "text": "i want to work ",
        "userDefined": false
      },
      {
        "text": "remotely",
        "alias": "reason",
        "meta": "@reason",
        "userDefined": false
      },
      {
        "text": " ",
        "userDefined": false
      },
      {
        "text": "on monday",
        "alias": "date",
        "meta": "@sys.date",
        "userDefined": false
      }
    ],
    "isTemplate": false,
    "count": 0,
    "updated": 1549008605
  },
  {
    "id": "6c5e2665-3124-4f2c-94c2-7dd7c4f0e060",
    "data": [
      {
        "text": "i want to have a ",
        "userDefined": false
      },
      {
        "text": "free",
        "alias": "reason",
        "meta": "@reason",
        "userDefined": false
      },
      {
        "text": " day in ",
        "userDefined": false
      },
      {
        "text": "next monday",
        "alias": "date",
        "meta": "@sys.date",
        "userDefined": false
      }
    ],
    "isTemplate": false,
    "count": 0,
    "updated": 1549008605
  },
  {
    "id": "3be44279-482e-4d6f-ac5c-acc7e0e32987",
    "data": [
      {
        "text": "i need a ",
        "userDefined": false
      },
      {
        "text": "free",
        "alias": "reason",
        "meta": "@reason",
        "userDefined": false
      },
      {
        "text": " day ",
        "userDefined": false
      },
      {
        "text": "next monday",
        "alias": "date-end",
        "meta": "@sys.date",
        "userDefined": false
      }
    ],
    "isTemplate": false,
    "count": 0,
    "updated": 1549008605
  },
  {
    "id": "9e222f74-c390-4495-8f58-5badec3f3244",
    "data": [
      {
        "text": "from 21.12.2018 till 27.12.2018",
        "alias": "date-period",
        "meta": "@sys.date-period",
        "userDefined": false
      }
    ],
    "isTemplate": false,
    "count": 0,
    "updated": 0
  },
  {
    "id": "69b8ba22-3f14-4acf-a7fd-282418408ecb",
    "data": [
      {
        "text": "i’ll be ",
        "userDefined": false
      },
      {
        "text": "sick",
        "alias": "reason",
        "meta": "@reason",
        "userDefined": false
      },
      {
        "text": " from ",
        "userDefined": false
      },
      {
        "text": "21.12.2018",
        "alias": "date-start",
        "meta": "@sys.date",
        "userDefined": false
      },
      {
        "text": " till ",
        "userDefined": false
      },
      {
        "text": "27.12.2018",
        "alias": "date-end",
        "meta": "@sys.date",
        "userDefined": false
      }
    ],
    "isTemplate": false,
    "count": 0,
    "updated": 1549008605
  },
  {
    "id": "78cc99e2-b48e-45e1-b211-19fbfd65c582",
    "data": [
      {
        "text": "I want to rest from ",
        "userDefined": false
      },
      {
        "text": "21.12.2018",
        "alias": "date-start",
        "meta": "@sys.date",
        "userDefined": false
      },
      {
        "text": " till ",
        "userDefined": false
      },
      {
        "text": "27.12.2018",
        "alias": "date-end",
        "meta": "@sys.date",
        "userDefined": false
      },
      {
        "text": " because of ",
        "userDefined": false
      },
      {
        "text": "holiday",
        "alias": "reason",
        "meta": "@reason",
        "userDefined": false
      }
    ],
    "isTemplate": false,
    "count": 0,
    "updated": 1549008605
  },
  {
    "id": "70568948-870b-450e-8d01-99a44c9d8c69",
    "data": [
      {
        "text": "from ",
        "userDefined": false
      },
      {
        "text": "17.12.2018",
        "alias": "date-start",
        "meta": "@sys.date",
        "userDefined": false
      },
      {
        "text": " till ",
        "userDefined": false
      },
      {
        "text": "26.12.2018",
        "alias": "date-end",
        "meta": "@sys.date",
        "userDefined": false
      },
      {
        "text": " because of ",
        "userDefined": false
      },
      {
        "text": "Christmas",
        "alias": "reason",
        "meta": "@reason",
        "userDefined": false
      }
    ],
    "isTemplate": false,
    "count": 0,
    "updated": 1549008605
  },
  {
    "id": "18e4d53f-d8cc-4fad-849f-b789c71a3617",
    "data": [
      {
        "text": "from ",
        "userDefined": false
      },
      {
        "text": "17.12.2018",
        "alias": "date-start",
        "meta": "@sys.date",
        "userDefined": false
      },
      {
        "text": " to ",
        "userDefined": false
      },
      {
        "text": "21.12.2018",
        "alias": "date-end",
        "meta": "@sys.date",
        "userDefined": false
      },
      {
        "text": " i need to ",
        "userDefined": false
      },
      {
        "text": "rest",
        "alias": "reason",
        "meta": "@reason",
        "userDefined": false
      }
    ],
    "isTemplate": false,
    "count": 0,
    "updated": 1549008605
  },
  {
    "id": "6cd5731e-e558-4831-8334-6b354965821c",
    "data": [
      {
        "text": "from Monday to Friday",
        "alias": "date-period",
        "meta": "@sys.date-period",
        "userDefined": false
      },
      {
        "text": " want to make a ",
        "userDefined": false
      },
      {
        "text": "holiday",
        "alias": "reason",
        "meta": "@reason",
        "userDefined": false
      }
    ],
    "isTemplate": false,
    "count": 0,
    "updated": 1549008605
  },
  {
    "id": "cbf62101-e9ef-43ac-a587-1cd1427bf758",
    "data": [
      {
        "text": "I\u0027d like to take a few days off in ",
        "userDefined": false
      },
      {
        "text": "26.12",
        "alias": "date-list",
        "meta": "@sys.date",
        "userDefined": true
      },
      {
        "text": ", ",
        "userDefined": false
      },
      {
        "text": "27.12",
        "alias": "date-list",
        "meta": "@sys.date",
        "userDefined": true
      },
      {
        "text": " and ",
        "userDefined": false
      },
      {
        "text": "29.12",
        "alias": "date-list",
        "meta": "@sys.date",
        "userDefined": true
      }
    ],
    "isTemplate": false,
    "count": 0,
    "updated": 1549008605
  },
  {
    "id": "ab289c4a-3a33-47c6-83d6-c1e1f6ebc228",
    "data": [
      {
        "text": "I won\u0027t be available ",
        "userDefined": false
      },
      {
        "text": "tomorrow",
        "alias": "date",
        "meta": "@sys.date",
        "userDefined": false
      }
    ],
    "isTemplate": false,
    "count": 0,
    "updated": 1549008605
  },
  {
    "id": "6e1f0d3c-ab80-4668-b57b-e91f9788bf61",
    "data": [
      {
        "text": "I will be off ",
        "userDefined": false
      },
      {
        "text": "tomorrow",
        "alias": "date",
        "meta": "@sys.date",
        "userDefined": false
      }
    ],
    "isTemplate": false,
    "count": 1,
    "updated": 1549008605
  },
  {
    "id": "8d00ffe2-fabb-45dd-9a36-06b8495acd9b",
    "data": [
      {
        "text": "I need ",
        "userDefined": false
      },
      {
        "text": "vacations",
        "alias": "reason",
        "meta": "@reason",
        "userDefined": false
      }
    ],
    "isTemplate": false,
    "count": 3,
    "updated": 1549008605
  },
  {
    "id": "876fa881-9383-465e-a169-c345c4036997",
    "data": [
      {
        "text": "I will be off ",
        "userDefined": false
      },
      {
        "text": "from 27.12",
        "alias": "date-start",
        "meta": "@sys.date",
        "userDefined": false
      },
      {
        "text": " ",
        "userDefined": false
      },
      {
        "text": "to 31.12",
        "alias": "date-end",
        "meta": "@sys.date",
        "userDefined": false
      }
    ],
    "isTemplate": false,
    "count": 0,
    "updated": 1549008605
  },
  {
    "id": "a82cc915-3b0f-4eee-9401-90885ce15dab",
    "data": [
      {
        "text": "I’ll be off ",
        "userDefined": false
      },
      {
        "text": "tomorrow",
        "alias": "date",
        "meta": "@sys.date",
        "userDefined": false
      }
    ],
    "isTemplate": false,
    "count": 1,
    "updated": 1549008605
  },
  {
    "id": "02686c17-2cca-4226-a806-3ad9f06d4a48",
    "data": [
      {
        "text": "remote",
        "alias": "reason",
        "meta": "@reason",
        "userDefined": false
      }
    ],
    "isTemplate": false,
    "count": 0,
    "updated": 0
  },
  {
    "id": "e939b7b1-150d-4145-9210-e9c3056f4798",
    "data": [
      {
        "text": "Moto ",
        "userDefined": false
      },
      {
        "text": "trip",
        "alias": "reason",
        "meta": "@reason",
        "userDefined": false
      },
      {
        "text": " ",
        "userDefined": false
      },
      {
        "text": "in next week",
        "alias": "date-period",
        "meta": "@sys.date-period",
        "userDefined": false
      }
    ],
    "isTemplate": false,
    "count": 1,
    "updated": 1549008605
  },
  {
    "id": "1556362f-64f1-4727-b397-56cad55a405c",
    "data": [
      {
        "text": "Trip",
        "alias": "reason",
        "meta": "@reason",
        "userDefined": false
      },
      {
        "text": " ",
        "userDefined": false
      },
      {
        "text": "next year",
        "alias": "date-period",
        "meta": "@sys.date-period",
        "userDefined": false
      }
    ],
    "isTemplate": false,
    "count": 1,
    "updated": 1549008605
  },
  {
    "id": "c89cec7f-a72a-4547-8397-4f29355843a0",
    "data": [
      {
        "text": "I will be off ",
        "userDefined": false
      },
      {
        "text": "01.01.2019",
        "alias": "date",
        "meta": "@sys.date",
        "userDefined": false
      }
    ],
    "isTemplate": false,
    "count": 0,
    "updated": 1549008605
  },
  {
    "id": "05792c17-d00f-4d94-88f3-5d58f8e78c40",
    "data": [
      {
        "text": "I have to ",
        "userDefined": false
      },
      {
        "text": "rest",
        "alias": "reason",
        "meta": "@reason",
        "userDefined": false
      }
    ],
    "isTemplate": false,
    "count": 0,
    "updated": 1549008605
  },
  {
    "id": "e255b209-b6ac-403a-9efb-781d3b2c0d45",
    "data": [
      {
        "text": "I’ll be off from ",
        "userDefined": false
      },
      {
        "text": "01.01.2019",
        "alias": "date-start",
        "meta": "@sys.date",
        "userDefined": false
      },
      {
        "text": " to ",
        "userDefined": false
      },
      {
        "text": "30.12.2019",
        "alias": "date-end",
        "meta": "@sys.date",
        "userDefined": false
      }
    ],
    "isTemplate": false,
    "count": 0,
    "updated": 1549008605
  },
  {
    "id": "5c606fb3-3a37-43e3-b562-60ba1c318cfb",
    "data": [
      {
        "text": "I want to ",
        "userDefined": false
      },
      {
        "text": "take a leave",
        "alias": "reason",
        "meta": "@reason",
        "userDefined": false
      }
    ],
    "isTemplate": false,
    "count": 0,
    "updated": 1549008605
  },
  {
    "id": "7fc2525f-fe0d-4ab4-b490-7cfab7d57562",
    "data": [
      {
        "text": "I will be absent since ",
        "userDefined": false
      },
      {
        "text": "tomorrow",
        "alias": "date-start",
        "meta": "@sys.date",
        "userDefined": true
      },
      {
        "text": " till ",
        "userDefined": false
      },
      {
        "text": "1.05.2077",
        "alias": "date-end",
        "meta": "@sys.date",
        "userDefined": true
      }
    ],
    "isTemplate": false,
    "count": 0,
    "updated": 1549008605
  },
  {
    "id": "2c142b99-957f-4d3b-9c82-06501b2a690a",
    "data": [
      {
        "text": "I’ll be off from ",
        "userDefined": false
      },
      {
        "text": "tomorrow at 11:30",
        "alias": "date-time-start",
        "meta": "@sys.date-time",
        "userDefined": false
      },
      {
        "text": " until ",
        "userDefined": false
      },
      {
        "text": "Friday",
        "alias": "date-end",
        "meta": "@sys.date",
        "userDefined": true
      },
      {
        "text": " because I’m going to a ",
        "userDefined": false
      },
      {
        "text": "conference",
        "alias": "reason",
        "meta": "@reason",
        "userDefined": false
      }
    ],
    "isTemplate": false,
    "count": 0,
    "updated": 1549008605
  },
  {
    "id": "8625bc81-f147-4f64-9cab-8daa785abbc0",
    "data": [
      {
        "text": "I\u0027ll be off from ",
        "userDefined": false
      },
      {
        "text": "Friday at 10 AM",
        "alias": "date-time-start",
        "meta": "@sys.date-time",
        "userDefined": true
      },
      {
        "text": " till ",
        "userDefined": false
      },
      {
        "text": "next Monday",
        "alias": "date-end",
        "meta": "@sys.date",
        "userDefined": true
      },
      {
        "text": " because I\u0027m ",
        "userDefined": false
      },
      {
        "text": "sick",
        "alias": "reason",
        "meta": "@reason",
        "userDefined": false
      }
    ],
    "isTemplate": false,
    "count": 0,
    "updated": 1549008605
  },
  {
    "id": "0d03b82e-eacb-4e74-bcb4-3e7093ce0138",
    "data": [
      {
        "text": "I\u0027ll be off from ",
        "userDefined": false
      },
      {
        "text": "tomorrow",
        "alias": "date-start",
        "meta": "@sys.date",
        "userDefined": true
      },
      {
        "text": " till ",
        "userDefined": false
      },
      {
        "text": "Friday at 10:00",
        "alias": "date-time-end",
        "meta": "@sys.date-time",
        "userDefined": true
      },
      {
        "text": " because I\u0027m ",
        "userDefined": false
      },
      {
        "text": "sick",
        "alias": "reason",
        "meta": "@reason",
        "userDefined": false
      }
    ],
    "isTemplate": false,
    "count": 0,
    "updated": 1549008605
  },
  {
    "id": "cf81d202-fc51-4565-851d-a301f9db3fea",
    "data": [
      {
        "text": "I\u0027ll be off ",
        "userDefined": false
      },
      {
        "text": "tomorrow",
        "alias": "date",
        "meta": "@sys.date",
        "userDefined": true
      },
      {
        "text": " from ",
        "userDefined": false
      },
      {
        "text": "11:00",
        "alias": "time-start",
        "meta": "@sys.time",
        "userDefined": true
      },
      {
        "text": " to ",
        "userDefined": false
      },
      {
        "text": "15:00",
        "alias": "time-end",
        "meta": "@sys.time",
        "userDefined": true
      }
    ],
    "isTemplate": false,
    "count": 0,
    "updated": 1549008605
  },
  {
    "id": "24d81aca-b0f3-4c65-831e-84ef6df982d3",
    "data": [
      {
        "text": "I\u0027ll be absent from ",
        "userDefined": false
      },
      {
        "text": "tomorrow at 4:30 pm",
        "alias": "date-time-start",
        "meta": "@sys.date-time",
        "userDefined": true
      },
      {
        "text": " till ",
        "userDefined": false
      },
      {
        "text": "Monday at 8 pm",
        "alias": "date-time-end",
        "meta": "@sys.date-time",
        "userDefined": true
      }
    ],
    "isTemplate": false,
    "count": 0,
    "updated": 1549008605
  },
  {
    "id": "4fc020f2-eb5e-4119-a3a7-87306d3337e2",
    "data": [
      {
        "text": "I will be off from ",
        "userDefined": false
      },
      {
        "text": "27.12",
        "alias": "date-start",
        "meta": "@sys.date",
        "userDefined": true
      },
      {
        "text": " to ",
        "userDefined": false
      },
      {
        "text": "28.12",
        "alias": "date-end",
        "meta": "@sys.date",
        "userDefined": true
      }
    ],
    "isTemplate": false,
    "count": 1,
    "updated": 1549008605
  },
  {
    "id": "ed075248-3aba-43d3-9215-0462f3da5001",
    "data": [
      {
        "text": "I\u0027m ",
        "userDefined": false
      },
      {
        "text": "not feeling well",
        "alias": "reason",
        "meta": "@reason",
        "userDefined": true
      },
      {
        "text": ", I like to take ",
        "userDefined": false
      },
      {
        "text": "the next 3 days",
        "alias": "date-period",
        "meta": "@sys.date-period",
        "userDefined": false
      },
      {
        "text": " off",
        "userDefined": false
      }
    ],
    "isTemplate": false,
    "count": 0,
    "updated": 1549008605
  },
  {
    "id": "ffae57be-830f-4868-b959-92370ba23402",
    "data": [
      {
        "text": "I thinking about ",
        "userDefined": false
      },
      {
        "text": "vacations",
        "alias": "reason",
        "meta": "@reason",
        "userDefined": false
      }
    ],
    "isTemplate": false,
    "count": 0,
    "updated": 1544653943
  },
  {
    "id": "8f5ce266-4011-4524-b97d-ef1485cfc49c",
    "data": [
      {
        "text": "I\u0027m planning the ",
        "userDefined": false
      },
      {
        "text": "vacations",
        "alias": "reason",
        "meta": "@reason",
        "userDefined": false
      },
      {
        "text": " of my life in ",
        "userDefined": false
      },
      {
        "text": "January next year",
        "alias": "date-period",
        "meta": "@sys.date-period",
        "userDefined": false
      }
    ],
    "isTemplate": false,
    "count": 0,
    "updated": 1544653943
  },
  {
    "id": "cb1a1cf6-e25a-4a89-ab69-9186c8b25e82",
    "data": [
      {
        "text": "I feel ",
        "userDefined": false
      },
      {
        "text": "sick",
        "alias": "reason",
        "meta": "@reason",
        "userDefined": false
      },
      {
        "text": ", I\u0027m planning to be off ",
        "userDefined": false
      },
      {
        "text": "next week",
        "alias": "date-period",
        "meta": "@sys.date-period",
        "userDefined": false
      }
    ],
    "isTemplate": false,
    "count": 0,
    "updated": 1544652795
  },
  {
    "id": "513750d4-c336-4cb0-9903-31b502e26140",
    "data": [
      {
        "text": "I will be absent from ",
        "userDefined": false
      },
      {
        "text": "27.12",
        "alias": "date-start",
        "meta": "@sys.date",
        "userDefined": true
      },
      {
        "text": " to ",
        "userDefined": false
      },
      {
        "text": "28.12",
        "alias": "date-end",
        "meta": "@sys.date",
        "userDefined": true
      }
    ],
    "isTemplate": false,
    "count": 0,
    "updated": 1544711965
  },
  {
    "id": "aa70edc3-4169-4791-a6db-f0ebf7edfee5",
    "data": [
      {
        "text": "Mountain Trip during ",
        "userDefined": false
      },
      {
        "text": "winter break",
        "alias": "reason",
        "meta": "@reason",
        "userDefined": false
      }
    ],
    "isTemplate": false,
    "count": 3,
    "updated": 1544652721
  },
  {
    "id": "b50a8ae9-83cf-4d61-bd45-016452bda8f8",
    "data": [
      {
        "text": "I will be absent from ",
        "userDefined": false
      },
      {
        "text": "27.12",
        "alias": "date-start",
        "meta": "@sys.date",
        "userDefined": true
      },
      {
        "text": " to ",
        "userDefined": false
      },
      {
        "text": "28.12",
        "alias": "date-end",
        "meta": "@sys.date",
        "userDefined": true
      },
      {
        "text": ", because Mountain Trip during ",
        "userDefined": false
      },
      {
        "text": "winter break",
        "alias": "reason",
        "meta": "@reason",
        "userDefined": false
      }
    ],
    "isTemplate": false,
    "count": 2,
    "updated": 1544711965
  },
  {
    "id": "fac07df1-e46a-4e30-b4c3-34f6a5a23782",
    "data": [
      {
        "text": "christmas holidays",
        "alias": "reason",
        "meta": "@reason",
        "userDefined": false
      }
    ],
    "isTemplate": false,
    "count": 0,
    "updated": 1544652721
  },
  {
    "id": "21350c85-f748-434b-8ad0-8fd16686a9ac",
    "data": [
      {
        "text": "i need days off from ",
        "userDefined": false
      },
      {
        "text": "24.12",
        "alias": "date-start",
        "meta": "@sys.date",
        "userDefined": true
      },
      {
        "text": " to ",
        "userDefined": false
      },
      {
        "text": "31.12",
        "alias": "date-end",
        "meta": "@sys.date",
        "userDefined": true
      },
      {
        "text": " because of ",
        "userDefined": false
      },
      {
        "text": "christmas",
        "alias": "reason",
        "meta": "@reason",
        "userDefined": false
      }
    ],
    "isTemplate": false,
    "count": 0,
    "updated": 1544711965
  },
  {
    "id": "3c0a8f80-8db0-47d6-8c36-88a589a0459e",
    "data": [
      {
        "text": "i need days off from ",
        "userDefined": false
      },
      {
        "text": "24.12",
        "alias": "date-start",
        "meta": "@sys.date",
        "userDefined": true
      },
      {
        "text": " to ",
        "userDefined": false
      },
      {
        "text": "31.12",
        "alias": "date-end",
        "meta": "@sys.date",
        "userDefined": true
      },
      {
        "text": " because of ",
        "userDefined": false
      },
      {
        "text": "christmas holidays",
        "alias": "reason",
        "meta": "@reason",
        "userDefined": false
      }
    ],
    "isTemplate": false,
    "count": 0,
    "updated": 1544711965
  },
  {
    "id": "6ff416be-e444-4742-b047-83af03842cd2",
    "data": [
      {
        "text": "christmas eve",
        "alias": "reason",
        "meta": "@reason",
        "userDefined": false
      }
    ],
    "isTemplate": false,
    "count": 0,
    "updated": 1544652721
  },
  {
    "id": "13130dd4-83bc-4bff-af60-67bc76415adf",
    "data": [
      {
        "text": "I want to take ",
        "userDefined": false
      },
      {
        "text": "vacation",
        "alias": "reason",
        "meta": "@reason",
        "userDefined": false
      }
    ],
    "isTemplate": false,
    "count": 0,
    "updated": 1544652721
  },
  {
    "id": "b5cf6fc4-4043-42eb-8bb4-45d111306d34",
    "data": [
      {
        "text": "I am going to the Nordcon, the ",
        "userDefined": false
      },
      {
        "text": "fan convention",
        "alias": "reason",
        "meta": "@reason",
        "userDefined": false
      },
      {
        "text": " ",
        "userDefined": false
      },
      {
        "text": "in",
        "meta": "@sys.ignore",
        "userDefined": false
      },
      {
        "text": " Jastrzębia Góra.",
        "userDefined": false
      }
    ],
    "isTemplate": false,
    "count": 0,
    "updated": 1544652721
  },
  {
    "id": "033975c2-c9a4-4b9e-9078-5537e77e0d30",
    "data": [
      {
        "text": "I’ll be absent since ",
        "userDefined": false
      },
      {
        "text": "Monday",
        "alias": "date-start",
        "meta": "@sys.date",
        "userDefined": true
      },
      {
        "text": " till ",
        "userDefined": false
      },
      {
        "text": "Wednesday",
        "alias": "date-end",
        "meta": "@sys.date",
        "userDefined": true
      },
      {
        "text": ", because I feel ",
        "userDefined": false
      },
      {
        "text": "sick",
        "alias": "reason",
        "meta": "@reason",
        "userDefined": false
      }
    ],
    "isTemplate": false,
    "count": 0,
    "updated": 1544711965
  },
  {
    "id": "4721c5ed-98d0-43ff-ae00-63ce054fb3b4",
    "data": [
      {
        "text": "I will ",
        "userDefined": false
      },
      {
        "text": "work from home",
        "alias": "reason",
        "meta": "@reason",
        "userDefined": false
      },
      {
        "text": " ",
        "userDefined": false
      },
      {
        "text": "today",
        "alias": "date",
        "meta": "@sys.date",
        "userDefined": true
      },
      {
        "text": " from ",
        "userDefined": false
      },
      {
        "text": "8:30",
        "alias": "time-start",
        "meta": "@sys.time",
        "userDefined": true
      },
      {
        "text": " till ",
        "userDefined": false
      },
      {
        "text": "16:30",
        "alias": "date-end",
        "meta": "@sys.date",
        "userDefined": true
      }
    ],
    "isTemplate": false,
    "count": 0,
    "updated": 1544711965
  },
  {
    "id": "81f38103-62a9-4b75-9c3f-2d7bfca092cc",
    "data": [
      {
        "text": "I am going to the ",
        "userDefined": false
      },
      {
        "text": "fan convention",
        "alias": "reason",
        "meta": "@reason",
        "userDefined": false
      }
    ],
    "isTemplate": false,
    "count": 0,
    "updated": 1544652721
  },
  {
    "id": "a90b817d-476f-45fd-a131-8134856a81df",
    "data": [
      {
        "text": "I want to take ",
        "userDefined": false
      },
      {
        "text": "vacations",
        "alias": "reason",
        "meta": "@reason",
        "userDefined": false
      },
      {
        "text": " from ",
        "userDefined": false
      },
      {
        "text": "Thursday",
        "alias": "date-start",
        "meta": "@sys.date",
        "userDefined": true
      },
      {
        "text": " till ",
        "userDefined": false
      },
      {
        "text": "Friday",
        "alias": "date-end",
        "meta": "@sys.date",
        "userDefined": true
      }
    ],
    "isTemplate": false,
    "count": 2,
    "updated": 1544711965
  },
  {
    "id": "6513b7aa-31e5-4758-a4a3-19b23d0de844",
    "data": [
      {
        "text": "I want to ",
        "userDefined": false
      },
      {
        "text": "take a leave",
        "alias": "reason",
        "meta": "@reason",
        "userDefined": true
      },
      {
        "text": " from ",
        "userDefined": false
      },
      {
        "text": "Thursday",
        "alias": "date-start",
        "meta": "@sys.date",
        "userDefined": true
      },
      {
        "text": " till ",
        "userDefined": false
      },
      {
        "text": "Sunday",
        "alias": "date-end",
        "meta": "@sys.date",
        "userDefined": true
      }
    ],
    "isTemplate": false,
    "count": 1,
    "updated": 1544711965
  },
  {
    "id": "ca3019e9-909a-469d-a110-abf9123bb6e7",
    "data": [
      {
        "text": "I would like to work ",
        "userDefined": false
      },
      {
        "text": "remotely",
        "alias": "reason",
        "meta": "@reason",
        "userDefined": false
      },
      {
        "text": " ",
        "userDefined": false
      },
      {
        "text": "today",
        "alias": "date",
        "meta": "@sys.date",
        "userDefined": false
      }
    ],
    "isTemplate": false,
    "count": 0,
    "updated": 1544652721
  },
  {
    "id": "64599599-70dd-4544-86fc-4c5e73ad86b9",
    "data": [
      {
        "text": "I need a few days off",
        "userDefined": false
      }
    ],
    "isTemplate": false,
    "count": 0,
    "updated": 1544101083
  },
  {
    "id": "523920c4-a528-43f6-bbe0-91a38fd1258c",
    "data": [
      {
        "text": "I\u0027m ",
        "userDefined": false
      },
      {
        "text": "sick",
        "alias": "reason",
        "meta": "@reason",
        "userDefined": false
      }
    ],
    "isTemplate": false,
    "count": 4,
    "updated": 1544652721
  },
  {
    "id": "592d70e2-fb5e-44e7-956a-de6685a8786a",
    "data": [
      {
        "text": "i’d like to take few days off",
        "userDefined": false
      }
    ],
    "isTemplate": false,
    "count": 0,
    "updated": 1544101083
  },
  {
    "id": "3df648ae-48ed-4e7d-9a1f-c768cb345ffc",
    "data": [
      {
        "text": "I fill ",
        "userDefined": false
      },
      {
        "text": "sick",
        "alias": "reason",
        "meta": "@reason",
        "userDefined": false
      }
    ],
    "isTemplate": false,
    "count": 0,
    "updated": 1544652721
  },
  {
    "id": "f5438cf6-f2f3-4f47-8ee6-18b8cb583927",
    "data": [
      {
        "text": "im ",
        "userDefined": false
      },
      {
        "text": "sick, so so sick",
        "alias": "reason",
        "meta": "@reason",
        "userDefined": false
      }
    ],
    "isTemplate": false,
    "count": 0,
    "updated": 1544652721
  },
  {
    "id": "a3a20238-498d-4615-8feb-88b64dd2ebc8",
    "data": [
      {
        "text": "I need a day off",
        "userDefined": false
      }
    ],
    "isTemplate": false,
    "count": 1,
    "updated": 1544101083
  },
  {
    "id": "ae094a24-d980-4da5-b996-73dc7ed979ce",
    "data": [
      {
        "text": "I would like to request for days off",
        "userDefined": false
      }
    ],
    "isTemplate": false,
    "count": 1,
    "updated": 1544101083
  },
  {
    "id": "cac046df-45fb-4158-a115-66cd5ae936b7",
    "data": [
      {
        "text": "Is it possible to get a day off?",
        "userDefined": false
      }
    ],
    "isTemplate": false,
    "count": 2,
    "updated": 1544101083
  },
  {
    "id": "5a63ac8a-fe90-4a95-b42a-d074e68d0009",
    "data": [
      {
        "text": "I would like to take one day off",
        "userDefined": false
      }
    ],
    "isTemplate": false,
    "count": 7,
    "updated": 1544101083
  },
  {
    "id": "691588dc-a0c9-405c-b8a2-8592a9768d9a",
    "data": [
      {
        "text": "I would like to take one day off on ",
        "userDefined": false
      },
      {
        "text": "2.11.2018",
        "alias": "date",
        "meta": "@sys.date",
        "userDefined": true
      },
      {
        "text": " because of ",
        "userDefined": false
      },
      {
        "text": "vacations",
        "alias": "reason",
        "meta": "@reason",
        "userDefined": false
      }
    ],
    "isTemplate": false,
    "count": 1,
    "updated": 1544711965
  },
  {
    "id": "0cba9cfb-58af-4d96-ba2d-78c2bb2b5964",
    "data": [
      {
        "text": "feeling ",
        "userDefined": false
      },
      {
        "text": "sick",
        "alias": "reason",
        "meta": "@reason",
        "userDefined": false
      }
    ],
    "isTemplate": false,
    "count": 1,
    "updated": 1544652721
  },
  {
    "id": "4fe28c2a-c3b7-415a-8565-d7e564c0ce11",
    "data": [
      {
        "text": "I\u0027m ",
        "userDefined": false
      },
      {
        "text": "feeling bad",
        "alias": "reason",
        "meta": "@reason",
        "userDefined": true
      }
    ],
    "isTemplate": false,
    "count": 0,
    "updated": 1544652721
  },
  {
    "id": "fa99ecda-3564-43c4-985f-884dd3fc6b10",
    "data": [
      {
        "text": "I ",
        "userDefined": false
      },
      {
        "text": "feel bad",
        "alias": "reason",
        "meta": "@reason",
        "userDefined": true
      }
    ],
    "isTemplate": false,
    "count": 0,
    "updated": 1544652721
  },
  {
    "id": "9df9ef57-079b-4a60-ad43-eb2a473194d9",
    "data": [
      {
        "text": "I\u0027ll be off ",
        "userDefined": false
      },
      {
        "text": "tomorrow",
        "alias": "date",
        "meta": "@sys.date",
        "userDefined": false
      },
      {
        "text": " because I need to ",
        "userDefined": false
      },
      {
        "text": "get things done",
        "alias": "reason",
        "meta": "@reason",
        "userDefined": false
      }
    ],
    "isTemplate": false,
    "count": 0,
    "updated": 1544652721
  },
  {
    "id": "e13e9add-52d0-48c8-bb4b-823dfb0fb7ea",
    "data": [
      {
        "text": "I\u0027ll be absent from ",
        "userDefined": false
      },
      {
        "text": "August 2nd",
        "alias": "date-start",
        "meta": "@sys.date",
        "userDefined": true
      },
      {
        "text": " till ",
        "userDefined": false
      },
      {
        "text": "October 10th",
        "alias": "date-end",
        "meta": "@sys.date",
        "userDefined": true
      },
      {
        "text": ", because I\u0027m planning my ",
        "userDefined": false
      },
      {
        "text": "vacations",
        "alias": "reason",
        "meta": "@reason",
        "userDefined": false
      }
    ],
    "isTemplate": false,
    "count": 0,
    "updated": 1544711965
  },
  {
    "id": "da9817b9-aeaf-4da0-a718-bcf66e62aa19",
    "data": [
      {
        "text": "I\u0027ll be absent ",
        "userDefined": false
      },
      {
        "text": "next Friday",
        "alias": "date",
        "meta": "@sys.date",
        "userDefined": false
      },
      {
        "text": ", I\u0027m going on ",
        "userDefined": false
      },
      {
        "text": "vacations",
        "alias": "reason",
        "meta": "@reason",
        "userDefined": false
      }
    ],
    "isTemplate": false,
    "count": 0,
    "updated": 1544652721
  }
]