[
  {
    "id": "46a546c7-b190-4ba7-b696-77cb3717cf49",
    "data": [
      {
        "text": "from ",
        "userDefined": false
      },
      {
        "text": "tomorrow 11:50 am",
        "alias": "date-time-start",
        "meta": "@sys.date-time",
        "userDefined": false
      },
      {
        "text": " till ",
        "userDefined": false
      },
      {
        "text": "tomorrow 1 pm",
        "alias": "date-time-end",
        "meta": "@sys.date-time",
        "userDefined": false
      }
    ],
    "isTemplate": false,
    "count": 0,
    "updated": 0
  },
  {
    "id": "245a0f44-5cb1-4e48-b5a0-57794ea576de",
    "data": [
      {
        "text": "absence from ",
        "userDefined": false
      },
      {
        "text": "today 3:40 PM",
        "alias": "date-time-start",
        "meta": "@sys.date-time",
        "userDefined": false
      },
      {
        "text": " till ",
        "userDefined": false
      },
      {
        "text": "today 6:40 PM",
        "alias": "date-time-end",
        "meta": "@sys.date-time",
        "userDefined": true
      }
    ],
    "isTemplate": false,
    "count": 0,
    "updated": 0
  },
  {
    "id": "ba06f459-9849-48c3-b25f-fe23e8d5737a",
    "data": [
      {
        "text": "tomorrow",
        "alias": "date",
        "meta": "@sys.date",
        "userDefined": false
      },
      {
        "text": " ",
        "userDefined": false
      },
      {
        "text": "11.00",
        "alias": "time-start",
        "meta": "@sys.time",
        "userDefined": true
      },
      {
        "text": " until ",
        "userDefined": false
      },
      {
        "text": "14.00",
        "alias": "time-end",
        "meta": "@sys.time",
        "userDefined": true
      }
    ],
    "isTemplate": false,
    "count": 1,
    "updated": 0
  },
  {
    "id": "cc841f7d-cc3f-486b-96d2-9cc1fefa5254",
    "data": [
      {
        "text": "tomorrow",
        "alias": "date",
        "meta": "@sys.date",
        "userDefined": false
      },
      {
        "text": " ",
        "userDefined": false
      },
      {
        "text": "11 AM until 2 PM",
        "alias": "time-period",
        "meta": "@sys.time-period",
        "userDefined": false
      }
    ],
    "isTemplate": false,
    "count": 1,
    "updated": 0
  },
  {
    "id": "c096249b-42f8-4035-82eb-eedcd673b173",
    "data": [
      {
        "text": "tomorrow",
        "alias": "date",
        "meta": "@sys.date",
        "userDefined": false
      },
      {
        "text": " from ",
        "userDefined": false
      },
      {
        "text": "11 AM",
        "alias": "time-start",
        "meta": "@sys.time",
        "userDefined": false
      },
      {
        "text": " till ",
        "userDefined": false
      },
      {
        "text": "14 PM",
        "alias": "time-end",
        "meta": "@sys.time",
        "userDefined": false
      }
    ],
    "isTemplate": false,
    "count": 1,
    "updated": 0
  },
  {
    "id": "55309901-dbb3-4df2-ada8-e8535794cfec",
    "data": [
      {
        "text": "Hi, want to declare absence on ",
        "userDefined": false
      },
      {
        "text": "first march",
        "alias": "date",
        "meta": "@sys.date",
        "userDefined": false
      },
      {
        "text": ", between ",
        "userDefined": false
      },
      {
        "text": "8:00",
        "alias": "time-start",
        "meta": "@sys.time",
        "userDefined": false
      },
      {
        "text": " and ",
        "userDefined": false
      },
      {
        "text": "11:00",
        "alias": "time-end",
        "meta": "@sys.time",
        "userDefined": false
      }
    ],
    "isTemplate": false,
    "count": 0,
    "updated": 0
  },
  {
    "id": "b81d3615-50c4-4c23-a00b-b2e208fcf6b6",
    "data": [
      {
        "text": "today",
        "alias": "date",
        "meta": "@sys.date",
        "userDefined": false
      },
      {
        "text": " from ",
        "userDefined": false
      },
      {
        "text": "8:00",
        "alias": "time-start",
        "meta": "@sys.time",
        "userDefined": false
      },
      {
        "text": " until ",
        "userDefined": false
      },
      {
        "text": "12:30",
        "alias": "time-end",
        "meta": "@sys.time",
        "userDefined": false
      }
    ],
    "isTemplate": false,
    "count": 0,
    "updated": 0
  },
  {
    "id": "9873ab18-6889-4ec4-ae31-f18246987d81",
    "data": [
      {
        "text": "17.01-20.01",
        "alias": "date-period",
        "meta": "@sys.date-period",
        "userDefined": false
      }
    ],
    "isTemplate": false,
    "count": 0,
    "updated": 0
  },
  {
    "id": "7ec0d3f8-803e-4f79-ac97-7fda4891c104",
    "data": [
      {
        "text": "Holidays between ",
        "userDefined": false
      },
      {
        "text": "February 22",
        "alias": "date",
        "meta": "@sys.date",
        "userDefined": false
      },
      {
        "text": " and ",
        "userDefined": false
      },
      {
        "text": "February 26",
        "alias": "date-list",
        "meta": "@sys.date",
        "userDefined": false
      }
    ],
    "isTemplate": false,
    "count": 0,
    "updated": 0
  },
  {
    "id": "adacae32-060d-44d3-9580-c528466c0583",
    "data": [
      {
        "text": "today",
        "alias": "date",
        "meta": "@sys.date",
        "userDefined": false
      },
      {
        "text": " and ",
        "userDefined": false
      },
      {
        "text": "tomorrow",
        "alias": "date-list",
        "meta": "@sys.date",
        "userDefined": false
      }
    ],
    "isTemplate": false,
    "count": 0,
    "updated": 0
  },
  {
    "id": "6e66631c-5873-4bc9-bfe2-41e59614fc44",
    "data": [
      {
        "text": "it will be on ",
        "userDefined": false
      },
      {
        "text": "next monday",
        "alias": "date",
        "meta": "@sys.date",
        "userDefined": false
      }
    ],
    "isTemplate": false,
    "count": 0,
    "updated": 0
  },
  {
    "id": "7dd72ca8-b5e4-4698-aba9-f7255ea1fd27",
    "data": [
      {
        "text": "it will be ",
        "userDefined": false
      },
      {
        "text": "28.01-01.02",
        "alias": "date-period",
        "meta": "@sys.date-period",
        "userDefined": true
      }
    ],
    "isTemplate": false,
    "count": 0,
    "updated": 0
  },
  {
    "id": "2f5859e9-0ebd-469e-a425-d6cd50b7703d",
    "data": [
      {
        "text": "from ",
        "userDefined": false
      },
      {
        "text": "today",
        "alias": "date-start",
        "meta": "@sys.date",
        "userDefined": false
      },
      {
        "text": " till ",
        "userDefined": false
      },
      {
        "text": "friday",
        "alias": "date-end",
        "meta": "@sys.date",
        "userDefined": false
      }
    ],
    "isTemplate": false,
    "count": 0,
    "updated": 0
  },
  {
    "id": "8e68f6f0-de05-4011-acc3-ecfa8cec7109",
    "data": [
      {
        "text": "24.12 - 07.01",
        "alias": "date-period",
        "meta": "@sys.date-period",
        "userDefined": false
      }
    ],
    "isTemplate": false,
    "count": 0,
    "updated": 0
  },
  {
    "id": "1941d348-c2e4-49be-8638-a7453f41a395",
    "data": [
      {
        "text": "i want a free day ",
        "userDefined": false
      },
      {
        "text": "next monday",
        "alias": "date",
        "meta": "@sys.date",
        "userDefined": false
      },
      {
        "text": " from ",
        "userDefined": false
      },
      {
        "text": "7 AM",
        "alias": "time-start",
        "meta": "@sys.time",
        "userDefined": false
      },
      {
        "text": " to ",
        "userDefined": false
      },
      {
        "text": "4 PM",
        "alias": "time-end",
        "meta": "@sys.time",
        "userDefined": false
      }
    ],
    "isTemplate": false,
    "count": 0,
    "updated": 0
  },
  {
    "id": "69e2cc37-30f3-4873-87c4-36cc1dbf2e35",
    "data": [
      {
        "text": "3 days after tomorrow",
        "alias": "date",
        "meta": "@sys.date",
        "userDefined": false
      }
    ],
    "isTemplate": false,
    "count": 0,
    "updated": 0
  },
  {
    "id": "dc184e3d-e4fb-4a83-b13f-40036de0eb0a",
    "data": [
      {
        "text": "From Monday",
        "alias": "date-start",
        "meta": "@sys.date",
        "userDefined": true
      },
      {
        "text": " till ",
        "userDefined": false
      },
      {
        "text": "21.12.2018",
        "alias": "date-end",
        "meta": "@sys.date",
        "userDefined": true
      }
    ],
    "isTemplate": false,
    "count": 0,
    "updated": 0
  },
  {
    "id": "b3ba94a2-6445-4b1d-9349-b8983c07757e",
    "data": [
      {
        "text": "from ",
        "userDefined": false
      },
      {
        "text": "tomorrow at 8.00",
        "alias": "date-time-start",
        "meta": "@sys.date-time",
        "userDefined": true
      },
      {
        "text": " to ",
        "userDefined": false
      },
      {
        "text": "Wednesday",
        "alias": "date-end",
        "meta": "@sys.date",
        "userDefined": true
      }
    ],
    "isTemplate": false,
    "count": 0,
    "updated": 0
  },
  {
    "id": "549a7115-0355-4cd3-89f1-cd8d883cdec0",
    "data": [
      {
        "text": "in ",
        "userDefined": false
      },
      {
        "text": "22.01",
        "alias": "date-list",
        "meta": "@sys.date",
        "userDefined": true
      },
      {
        "text": ", ",
        "userDefined": false
      },
      {
        "text": "23.01",
        "alias": "date-list",
        "meta": "@sys.date",
        "userDefined": true
      },
      {
        "text": " and ",
        "userDefined": false
      },
      {
        "text": "28.01",
        "alias": "date-list",
        "meta": "@sys.date",
        "userDefined": true
      }
    ],
    "isTemplate": false,
    "count": 0,
    "updated": 1544780056
  },
  {
    "id": "93c5b172-5722-440b-96a4-c4f1840010d6",
    "data": [
      {
        "text": "in following days ",
        "userDefined": false
      },
      {
        "text": "26.12",
        "alias": "date-list",
        "meta": "@sys.date",
        "userDefined": true
      },
      {
        "text": ", ",
        "userDefined": false
      },
      {
        "text": "27.12",
        "alias": "date-list",
        "meta": "@sys.date",
        "userDefined": true
      },
      {
        "text": ", ",
        "userDefined": false
      },
      {
        "text": "29.12",
        "alias": "date-list",
        "meta": "@sys.date",
        "userDefined": true
      }
    ],
    "isTemplate": false,
    "count": 0,
    "updated": 1544780056
  },
  {
    "id": "395d9542-3031-4bd5-8810-0addfa6394e3",
    "data": [
      {
        "text": "from 20.12.2018 8:00 PM",
        "alias": "date-time-start",
        "meta": "@sys.date-time",
        "userDefined": true
      },
      {
        "text": " ",
        "userDefined": false
      },
      {
        "text": "till 32.12.2018",
        "alias": "date-end",
        "meta": "@sys.date",
        "userDefined": false
      }
    ],
    "isTemplate": false,
    "count": 0,
    "updated": 0
  },
  {
    "id": "e32fa0c7-ef03-437e-a978-0a46d251dce9",
    "data": [
      {
        "text": "from 14.12",
        "alias": "date-start",
        "meta": "@sys.date",
        "userDefined": true
      },
      {
        "text": " ",
        "userDefined": false
      },
      {
        "text": "till 30.12.2021",
        "alias": "date-end",
        "meta": "@sys.date",
        "userDefined": true
      }
    ],
    "isTemplate": false,
    "count": 0,
    "updated": 0
  },
  {
    "id": "3bf7cb9e-7132-4cff-97f3-3c9a63908073",
    "data": [
      {
        "text": "from 24.12.2018",
        "alias": "date-start",
        "meta": "@sys.date",
        "userDefined": true
      },
      {
        "text": " ",
        "userDefined": false
      },
      {
        "text": "to 30.12.2021",
        "alias": "date-end",
        "meta": "@sys.date",
        "userDefined": true
      }
    ],
    "isTemplate": false,
    "count": 0,
    "updated": 0
  },
  {
    "id": "3b1806df-375e-4fd8-8c01-57597650d646",
    "data": [
      {
        "text": "all next year",
        "alias": "date-period",
        "meta": "@sys.date-period",
        "userDefined": false
      }
    ],
    "isTemplate": false,
    "count": 0,
    "updated": 0
  },
  {
    "id": "05b1affc-2954-4ed4-8adc-a20afd436887",
    "data": [
      {
        "text": "1.1.2019",
        "alias": "date-start",
        "meta": "@sys.date",
        "userDefined": true
      },
      {
        "text": " - ",
        "userDefined": false
      },
      {
        "text": "30.12.2019",
        "alias": "date-end",
        "meta": "@sys.date",
        "userDefined": true
      }
    ],
    "isTemplate": false,
    "count": 0,
    "updated": 0
  },
  {
    "id": "508b04d1-7de5-4bd1-a0c8-a8ccf35e05b0",
    "data": [
      {
        "text": "01.01.2019",
        "alias": "date-start",
        "meta": "@sys.date",
        "userDefined": true
      },
      {
        "text": " to ",
        "userDefined": false
      },
      {
        "text": "30.12.2019",
        "alias": "date-end",
        "meta": "@sys.date",
        "userDefined": true
      }
    ],
    "isTemplate": false,
    "count": 0,
    "updated": 0
  },
  {
    "id": "d0fa0274-6831-4ac1-b5a5-ef74839d4934",
    "data": [
      {
        "text": "from ",
        "userDefined": false
      },
      {
        "text": "01.01.2019",
        "alias": "date-start",
        "meta": "@sys.date",
        "userDefined": true
      },
      {
        "text": " to ",
        "userDefined": false
      },
      {
        "text": "30.12.2019",
        "alias": "date-end",
        "meta": "@sys.date",
        "userDefined": true
      }
    ],
    "isTemplate": false,
    "count": 0,
    "updated": 0
  },
  {
    "id": "57c6f4ae-b16b-4993-aa4d-c27358f5c88a",
    "data": [
      {
        "text": "Since ",
        "userDefined": false
      },
      {
        "text": "today",
        "alias": "date-start",
        "meta": "@sys.date",
        "userDefined": true
      },
      {
        "text": " till ",
        "userDefined": false
      },
      {
        "text": "1st May 2077",
        "alias": "date-end",
        "meta": "@sys.date",
        "userDefined": true
      }
    ],
    "isTemplate": false,
    "count": 0,
    "updated": 1544780056
  },
  {
    "id": "e09ff763-87f8-4f5e-b174-daea64222def",
    "data": [
      {
        "text": "from ",
        "userDefined": false
      },
      {
        "text": "tomorrow 8am",
        "alias": "date-time-start",
        "meta": "@sys.date-time",
        "userDefined": true
      },
      {
        "text": " till ",
        "userDefined": false
      },
      {
        "text": "Saturday 11am",
        "alias": "date-time-end",
        "meta": "@sys.date-time",
        "userDefined": true
      }
    ],
    "isTemplate": false,
    "count": 0,
    "updated": 1544780056
  },
  {
    "id": "438d0417-2fae-4391-a985-295e628d2b23",
    "data": [
      {
        "text": "tomorrow",
        "alias": "date",
        "meta": "@sys.date",
        "userDefined": false
      },
      {
        "text": " from ",
        "userDefined": false
      },
      {
        "text": "11:00",
        "alias": "time-start",
        "meta": "@sys.time",
        "userDefined": true
      },
      {
        "text": " to ",
        "userDefined": false
      },
      {
        "text": "15:00",
        "alias": "time-end",
        "meta": "@sys.time",
        "userDefined": true
      }
    ],
    "isTemplate": false,
    "count": 0,
    "updated": 1544710327
  },
  {
    "id": "0a5c9a9e-c0a5-4090-9024-51f914f42b80",
    "data": [
      {
        "text": "from ",
        "userDefined": false
      },
      {
        "text": "September 23rd at 5 pm",
        "alias": "date-time-start",
        "meta": "@sys.date-time",
        "userDefined": true
      },
      {
        "text": " to ",
        "userDefined": false
      },
      {
        "text": "September 25th at 9 pm",
        "alias": "date-time-end",
        "meta": "@sys.date-time",
        "userDefined": true
      }
    ],
    "isTemplate": false,
    "count": 0,
    "updated": 1544710327
  },
  {
    "id": "31d2dcf9-7f31-4222-a1ee-1684761c8385",
    "data": [
      {
        "text": "on February 12th",
        "alias": "date",
        "meta": "@sys.date",
        "userDefined": false
      },
      {
        "text": " from ",
        "userDefined": false
      },
      {
        "text": "2 pm",
        "alias": "time-start",
        "meta": "@sys.time",
        "userDefined": true
      },
      {
        "text": " to ",
        "userDefined": false
      },
      {
        "text": "6 pm",
        "alias": "time-end",
        "meta": "@sys.time",
        "userDefined": true
      }
    ],
    "isTemplate": false,
    "count": 0,
    "updated": 1544710327
  },
  {
    "id": "4ba1bc49-fb4f-4e8b-a22c-de6902380d3f",
    "data": [
      {
        "text": "I like to take the ",
        "userDefined": false
      },
      {
        "text": "next 5 days",
        "alias": "date-period",
        "meta": "@sys.date-period",
        "userDefined": true
      },
      {
        "text": " off",
        "userDefined": false
      }
    ],
    "isTemplate": false,
    "count": 0,
    "updated": 1544710327
  },
  {
    "id": "a8978a48-7c6d-4b67-b8af-907854beca45",
    "data": [
      {
        "text": "I\u0027m planning to be off ",
        "userDefined": false
      },
      {
        "text": "on March",
        "alias": "date-period",
        "meta": "@sys.date-period",
        "userDefined": true
      }
    ],
    "isTemplate": false,
    "count": 0,
    "updated": 1544652926
  },
  {
    "id": "cca78f57-16bb-402f-a1da-01b50d14d0e9",
    "data": [
      {
        "text": "next month",
        "alias": "date-period",
        "meta": "@sys.date-period",
        "userDefined": true
      }
    ],
    "isTemplate": false,
    "count": 0,
    "updated": 1544652926
  },
  {
    "id": "567922b1-448c-4636-990a-fc787a1eaa9e",
    "data": [
      {
        "text": "next week",
        "alias": "date-period",
        "meta": "@sys.date-period",
        "userDefined": true
      }
    ],
    "isTemplate": false,
    "count": 0,
    "updated": 1544652926
  },
  {
    "id": "62d719c4-d22b-4044-bab0-6445538c7943",
    "data": [
      {
        "text": "I will be absent ",
        "userDefined": false
      },
      {
        "text": "tomorrow",
        "alias": "date",
        "meta": "@sys.date",
        "userDefined": true
      }
    ],
    "isTemplate": false,
    "count": 0,
    "updated": 1544652926
  },
  {
    "id": "f8044baa-71de-4021-8893-79d9e12d86ff",
    "data": [
      {
        "text": "starting from ",
        "userDefined": false
      },
      {
        "text": "26 October",
        "alias": "date-start",
        "meta": "@sys.date",
        "userDefined": true
      },
      {
        "text": " till ",
        "userDefined": false
      },
      {
        "text": "31 October",
        "alias": "date-end",
        "meta": "@sys.date",
        "userDefined": true
      }
    ],
    "isTemplate": false,
    "count": 0,
    "updated": 1544710327
  },
  {
    "id": "3e3b3563-577c-4727-b024-b41f43c0e2bb",
    "data": [
      {
        "text": "I will be absent from ",
        "userDefined": false
      },
      {
        "text": "Thursday",
        "alias": "date-start",
        "meta": "@sys.date",
        "userDefined": true
      },
      {
        "text": " till ",
        "userDefined": false
      },
      {
        "text": "Sunday",
        "alias": "date-end",
        "meta": "@sys.date",
        "userDefined": true
      }
    ],
    "isTemplate": false,
    "count": 0,
    "updated": 1544710327
  },
  {
    "id": "e0492a31-7acf-4b87-a6ae-ee3af6830001",
    "data": [
      {
        "text": "I will be absent from ",
        "userDefined": false
      },
      {
        "text": "27.12",
        "alias": "date-start",
        "meta": "@sys.date",
        "userDefined": true
      },
      {
        "text": " to ",
        "userDefined": false
      },
      {
        "text": "28.12",
        "alias": "date-end",
        "meta": "@sys.date",
        "userDefined": true
      }
    ],
    "isTemplate": false,
    "count": 1,
    "updated": 1544710327
  },
  {
    "id": "4b97a2cd-78d2-4672-b10f-a5cb86c3ba99",
    "data": [
      {
        "text": "I\u0027d like to get a day off on ",
        "userDefined": false
      },
      {
        "text": "2.12.2018",
        "alias": "date",
        "meta": "@sys.date",
        "userDefined": true
      }
    ],
    "isTemplate": false,
    "count": 0,
    "updated": 1544652926
  },
  {
    "id": "f7dd00d4-e6c7-4249-b13f-9bd2757d1665",
    "data": [
      {
        "text": "I will be absent from ",
        "userDefined": false
      },
      {
        "text": "Thursday",
        "alias": "date-start",
        "meta": "@sys.date",
        "userDefined": true
      },
      {
        "text": " to ",
        "userDefined": false
      },
      {
        "text": "Sunday",
        "alias": "date-end",
        "meta": "@sys.date",
        "userDefined": true
      }
    ],
    "isTemplate": false,
    "count": 0,
    "updated": 1544710327
  },
  {
    "id": "7b00c40a-1eca-467d-a0cd-85edc1404cc9",
    "data": [
      {
        "text": "I want to take days off from ",
        "userDefined": false
      },
      {
        "text": "27.12.2018",
        "alias": "date-start",
        "meta": "@sys.date",
        "userDefined": true
      },
      {
        "text": " to ",
        "userDefined": false
      },
      {
        "text": "3.01.2019",
        "alias": "date-end",
        "meta": "@sys.date",
        "userDefined": true
      }
    ],
    "isTemplate": false,
    "count": 0,
    "updated": 1544710327
  },
  {
    "id": "15eef4bb-7a67-475f-9d78-a56ac1c491fc",
    "data": [
      {
        "text": "I need days off from ",
        "userDefined": false
      },
      {
        "text": "24.12",
        "alias": "date-start",
        "meta": "@sys.date",
        "userDefined": true
      },
      {
        "text": " to ",
        "userDefined": false
      },
      {
        "text": "31.12",
        "alias": "date-end",
        "meta": "@sys.date",
        "userDefined": true
      }
    ],
    "isTemplate": false,
    "count": 0,
    "updated": 1544710327
  },
  {
    "id": "13a35a9d-f44f-4c99-8ba6-a154077596eb",
    "data": [
      {
        "text": "days off from ",
        "userDefined": false
      },
      {
        "text": "24.12.2018",
        "alias": "date-start",
        "meta": "@sys.date",
        "userDefined": true
      },
      {
        "text": " to ",
        "userDefined": false
      },
      {
        "text": "31.12.2018",
        "alias": "date-end",
        "meta": "@sys.date",
        "userDefined": true
      }
    ],
    "isTemplate": false,
    "count": 0,
    "updated": 1544710327
  },
  {
    "id": "44e8941b-e86e-455c-aebc-947322fe18a8",
    "data": [
      {
        "text": "from ",
        "userDefined": false
      },
      {
        "text": "24.12",
        "alias": "date-start",
        "meta": "@sys.date",
        "userDefined": true
      },
      {
        "text": " to ",
        "userDefined": false
      },
      {
        "text": "31.12",
        "alias": "date-end",
        "meta": "@sys.date",
        "userDefined": true
      }
    ],
    "isTemplate": false,
    "count": 0,
    "updated": 1544710327
  },
  {
    "id": "76ee915d-3a78-49eb-8f87-49ce0e613763",
    "data": [
      {
        "text": "from ",
        "userDefined": false
      },
      {
        "text": "24 December",
        "alias": "date-start",
        "meta": "@sys.date",
        "userDefined": true
      },
      {
        "text": " to ",
        "userDefined": false
      },
      {
        "text": "31 December",
        "alias": "date-end",
        "meta": "@sys.date",
        "userDefined": true
      }
    ],
    "isTemplate": false,
    "count": 1,
    "updated": 1544710327
  },
  {
    "id": "0080a26b-d234-43e5-842e-42ffa2b690c2",
    "data": [
      {
        "text": "from ",
        "userDefined": false
      },
      {
        "text": "26.10.2018",
        "alias": "date-start",
        "meta": "@sys.date",
        "userDefined": true
      },
      {
        "text": " till ",
        "userDefined": false
      },
      {
        "text": "31.10.2018",
        "alias": "date-end",
        "meta": "@sys.date",
        "userDefined": true
      }
    ],
    "isTemplate": false,
    "count": 1,
    "updated": 1544710327
  },
  {
    "id": "ceb0fa9c-8231-4622-8749-31918d7b6e0e",
    "data": [
      {
        "text": "from ",
        "userDefined": false
      },
      {
        "text": "27.10.2018",
        "alias": "date-start",
        "meta": "@sys.date",
        "userDefined": true
      },
      {
        "text": " to ",
        "userDefined": false
      },
      {
        "text": "28.10.2018",
        "alias": "date-end",
        "meta": "@sys.date",
        "userDefined": true
      }
    ],
    "isTemplate": false,
    "count": 0,
    "updated": 1544710327
  },
  {
    "id": "e9c5e278-ede0-4dda-be2a-c5e8e9da3f6a",
    "data": [
      {
        "text": "from ",
        "userDefined": false
      },
      {
        "text": "Monday",
        "alias": "date-start",
        "meta": "@sys.date",
        "userDefined": true
      },
      {
        "text": " till ",
        "userDefined": false
      },
      {
        "text": "Thursday",
        "alias": "date-end",
        "meta": "@sys.date",
        "userDefined": true
      }
    ],
    "isTemplate": false,
    "count": 0,
    "updated": 1544710327
  },
  {
    "id": "4ae63b05-9c5e-41cf-8111-82892f8b244b",
    "data": [
      {
        "text": "on Monday",
        "alias": "date",
        "meta": "@sys.date",
        "userDefined": false
      }
    ],
    "isTemplate": false,
    "count": 0,
    "updated": 1544652926
  },
  {
    "id": "e6005924-2722-49af-b0a7-4ea21bcda7b2",
    "data": [
      {
        "text": "tomorrow",
        "alias": "date",
        "meta": "@sys.date",
        "userDefined": false
      }
    ],
    "isTemplate": false,
    "count": 0,
    "updated": 1544652926
  },
  {
    "id": "30bb38dd-a834-4794-9745-2cfbb0e8c713",
    "data": [
      {
        "text": "next Friday",
        "alias": "date",
        "meta": "@sys.date",
        "userDefined": false
      }
    ],
    "isTemplate": false,
    "count": 0,
    "updated": 1544652926
  },
  {
    "id": "18ec6bb2-3d5a-41aa-a820-85a790df34ba",
    "data": [
      {
        "text": "from ",
        "userDefined": false
      },
      {
        "text": "August 2nd",
        "alias": "date-start",
        "meta": "@sys.date",
        "userDefined": true
      },
      {
        "text": " till ",
        "userDefined": false
      },
      {
        "text": "October 10th",
        "alias": "date-end",
        "meta": "@sys.date",
        "userDefined": true
      }
    ],
    "isTemplate": false,
    "count": 0,
    "updated": 1544710327
  }
]