[
  {
    "id": "b63ca77f-054a-4d39-956f-bdb5b57f99c5",
    "data": [
      {
        "text": "generate absence report for ",
        "userDefined": false
      },
      {
        "text": "last week",
        "alias": "date-period",
        "meta": "@sys.date-period",
        "userDefined": false
      }
    ],
    "isTemplate": false,
    "count": 0,
    "updated": 0
  },
  {
    "id": "186b651c-4127-4ba1-b98f-6e0e026c2d9d",
    "data": [
      {
        "text": "Print me a report for ",
        "userDefined": false
      },
      {
        "text": "November",
        "alias": "date-period",
        "meta": "@sys.date-period",
        "userDefined": false
      }
    ],
    "isTemplate": false,
    "count": 0,
    "updated": 1544652779
  },
  {
    "id": "a9c1d643-396a-4784-ae56-5ca39a8c6561",
    "data": [
      {
        "text": "Generate the report for ",
        "userDefined": false
      },
      {
        "text": "January 2018",
        "alias": "date-period",
        "meta": "@sys.date-period",
        "userDefined": true
      }
    ],
    "isTemplate": false,
    "count": 1,
    "updated": 1544652779
  },
  {
    "id": "0a86c3c2-2c71-4d56-b160-aca54ed3f050",
    "data": [
      {
        "text": "Generate absence report for ",
        "userDefined": false
      },
      {
        "text": "Oct 2018",
        "alias": "date-period",
        "meta": "@sys.date-period",
        "userDefined": true
      }
    ],
    "isTemplate": false,
    "count": 0,
    "updated": 1544652779
  },
  {
    "id": "bc298a50-30ad-420b-ade3-e79484c71800",
    "data": [
      {
        "text": "I need a report of absence for ",
        "userDefined": false
      },
      {
        "text": "September 2018",
        "alias": "date-period",
        "meta": "@sys.date-period",
        "userDefined": true
      }
    ],
    "isTemplate": false,
    "count": 0,
    "updated": 1544652779
  }
]