[
  {
    "id": "41faf161-9ce7-4849-bdb6-833c17fbbaa6",
    "data": [
      {
        "text": "great",
        "userDefined": false
      }
    ],
    "isTemplate": false,
    "count": 1,
    "updated": 0
  },
  {
    "id": "5c3a9690-d2f7-423e-a779-146bb98ca536",
    "data": [
      {
        "text": "grate",
        "userDefined": false
      }
    ],
    "isTemplate": false,
    "count": 1,
    "updated": 0
  },
  {
    "id": "0e28ae73-0f4a-4b51-be8e-695aa7e38048",
    "data": [
      {
        "text": "I\u0027m fine",
        "userDefined": false
      }
    ],
    "isTemplate": false,
    "count": 0,
    "updated": 1540462170
  }
]