[
  {
    "id": "20d63ab2-cfe8-4e00-9f89-678f86ab406b",
    "data": [
      {
        "text": "What I can do?",
        "userDefined": false
      }
    ],
    "isTemplate": false,
    "count": 2,
    "updated": 0
  },
  {
    "id": "faa44e65-95d4-49b3-8946-207e57cbab59",
    "data": [
      {
        "text": "Can you help me?",
        "userDefined": false
      }
    ],
    "isTemplate": false,
    "count": 2,
    "updated": 0
  },
  {
    "id": "f1d707af-17e5-4e7b-8644-8afeba4b3d56",
    "data": [
      {
        "text": "how can You help me?",
        "userDefined": false
      }
    ],
    "isTemplate": false,
    "count": 0,
    "updated": 0
  }
]