[
  {
    "id": "476dfffe-0975-46fa-aeef-9d231415e74e",
    "data": [
      {
        "text": "generate absence report for ",
        "userDefined": false
      },
      {
        "text": "last week",
        "alias": "date-period",
        "meta": "@sys.date-period",
        "userDefined": false
      }
    ],
    "isTemplate": false,
    "count": 0,
    "updated": 0
  },
  {
    "id": "5956b756-8a70-4973-8389-db07f1a7e1c7",
    "data": [
      {
        "text": "Print me a report for ",
        "userDefined": false
      },
      {
        "text": "November",
        "alias": "date-period",
        "meta": "@sys.date-period",
        "userDefined": false
      }
    ],
    "isTemplate": false,
    "count": 0,
    "updated": 1544652779
  },
  {
    "id": "0e99665a-dafe-4a73-afb0-7ed40c404a96",
    "data": [
      {
        "text": "Generate the report for ",
        "userDefined": false
      },
      {
        "text": "January 2018",
        "alias": "date-period",
        "meta": "@sys.date-period",
        "userDefined": true
      }
    ],
    "isTemplate": false,
    "count": 1,
    "updated": 1544652779
  },
  {
    "id": "b1b22153-dda6-4c9d-94ab-630ae300b112",
    "data": [
      {
        "text": "Generate absence report for ",
        "userDefined": false
      },
      {
        "text": "Oct 2018",
        "alias": "date-period",
        "meta": "@sys.date-period",
        "userDefined": true
      }
    ],
    "isTemplate": false,
    "count": 0,
    "updated": 1544652779
  },
  {
    "id": "3b1a5a24-c5d7-4277-9f98-4d228c426b28",
    "data": [
      {
        "text": "I need a report of absence for ",
        "userDefined": false
      },
      {
        "text": "September 2018",
        "alias": "date-period",
        "meta": "@sys.date-period",
        "userDefined": true
      }
    ],
    "isTemplate": false,
    "count": 0,
    "updated": 1544652779
  }
]