[
  {
    "id": "f08336fe-9b1d-44cb-b144-e35dcfbc3a48",
    "data": [
      {
        "text": "absence from ",
        "userDefined": false
      },
      {
        "text": "today 3:40 PM",
        "alias": "date-time-start",
        "meta": "@sys.date-time",
        "userDefined": false
      },
      {
        "text": " till ",
        "userDefined": false
      },
      {
        "text": "today 6:40 PM",
        "alias": "date-time-end",
        "meta": "@sys.date-time",
        "userDefined": true
      }
    ],
    "isTemplate": false,
    "count": 0,
    "updated": 0
  },
  {
    "id": "974a1aec-5460-4ce1-8edc-d2250f71786d",
    "data": [
      {
        "text": "tomorrow",
        "alias": "date",
        "meta": "@sys.date",
        "userDefined": false
      },
      {
        "text": " ",
        "userDefined": false
      },
      {
        "text": "11.00",
        "alias": "time-start",
        "meta": "@sys.time",
        "userDefined": true
      },
      {
        "text": " until ",
        "userDefined": false
      },
      {
        "text": "14.00",
        "alias": "time-end",
        "meta": "@sys.time",
        "userDefined": true
      }
    ],
    "isTemplate": false,
    "count": 1,
    "updated": 0
  },
  {
    "id": "673286a2-cd48-460d-a661-f64fbdfd360d",
    "data": [
      {
        "text": "tomorrow",
        "alias": "date",
        "meta": "@sys.date",
        "userDefined": false
      },
      {
        "text": " ",
        "userDefined": false
      },
      {
        "text": "11 AM until 2 PM",
        "alias": "time-period",
        "meta": "@sys.time-period",
        "userDefined": false
      }
    ],
    "isTemplate": false,
    "count": 1,
    "updated": 0
  },
  {
    "id": "2c83a6c9-ed61-45c1-b39c-88a9f66a414a",
    "data": [
      {
        "text": "tomorrow",
        "alias": "date",
        "meta": "@sys.date",
        "userDefined": false
      },
      {
        "text": " from ",
        "userDefined": false
      },
      {
        "text": "11 AM",
        "alias": "time-start",
        "meta": "@sys.time",
        "userDefined": false
      },
      {
        "text": " till ",
        "userDefined": false
      },
      {
        "text": "14 PM",
        "alias": "time-end",
        "meta": "@sys.time",
        "userDefined": false
      }
    ],
    "isTemplate": false,
    "count": 1,
    "updated": 0
  },
  {
    "id": "1559ea85-0c75-4404-bf7f-e6953c8abac6",
    "data": [
      {
        "text": "Hi, want to declare absence on ",
        "userDefined": false
      },
      {
        "text": "first march",
        "alias": "date",
        "meta": "@sys.date",
        "userDefined": false
      },
      {
        "text": ", between ",
        "userDefined": false
      },
      {
        "text": "8:00",
        "alias": "time-start",
        "meta": "@sys.time",
        "userDefined": false
      },
      {
        "text": " and ",
        "userDefined": false
      },
      {
        "text": "11:00",
        "alias": "time-end",
        "meta": "@sys.time",
        "userDefined": false
      }
    ],
    "isTemplate": false,
    "count": 0,
    "updated": 0
  },
  {
    "id": "956e6ad9-3b22-41b8-9dc9-6b75db1c12de",
    "data": [
      {
        "text": "today",
        "alias": "date",
        "meta": "@sys.date",
        "userDefined": false
      },
      {
        "text": " from ",
        "userDefined": false
      },
      {
        "text": "8:00",
        "alias": "time-start",
        "meta": "@sys.time",
        "userDefined": false
      },
      {
        "text": " until ",
        "userDefined": false
      },
      {
        "text": "12:30",
        "alias": "time-end",
        "meta": "@sys.time",
        "userDefined": false
      }
    ],
    "isTemplate": false,
    "count": 0,
    "updated": 0
  },
  {
    "id": "11fdb55c-cc2f-4b1d-a5fc-8c7b79c3a03c",
    "data": [
      {
        "text": "17.01-20.01",
        "alias": "date-period",
        "meta": "@sys.date-period",
        "userDefined": false
      }
    ],
    "isTemplate": false,
    "count": 0,
    "updated": 0
  },
  {
    "id": "80dddb7b-c0e6-44da-9c14-3ccb32125c51",
    "data": [
      {
        "text": "Holidays between ",
        "userDefined": false
      },
      {
        "text": "February 22",
        "alias": "date",
        "meta": "@sys.date",
        "userDefined": false
      },
      {
        "text": " and ",
        "userDefined": false
      },
      {
        "text": "February 26",
        "alias": "date-list",
        "meta": "@sys.date",
        "userDefined": false
      }
    ],
    "isTemplate": false,
    "count": 0,
    "updated": 0
  },
  {
    "id": "cab9874a-6843-4457-8b3a-8a0645ce88ed",
    "data": [
      {
        "text": "today",
        "alias": "date",
        "meta": "@sys.date",
        "userDefined": false
      },
      {
        "text": " and ",
        "userDefined": false
      },
      {
        "text": "tomorrow",
        "alias": "date-list",
        "meta": "@sys.date",
        "userDefined": false
      }
    ],
    "isTemplate": false,
    "count": 0,
    "updated": 0
  },
  {
    "id": "c58d0d08-eabb-4dbc-8bfc-b9a21636fc0a",
    "data": [
      {
        "text": "it will be on ",
        "userDefined": false
      },
      {
        "text": "next monday",
        "alias": "date",
        "meta": "@sys.date",
        "userDefined": false
      }
    ],
    "isTemplate": false,
    "count": 0,
    "updated": 0
  },
  {
    "id": "43b4c32a-e517-4f9b-ae7d-91a19ed6ce5f",
    "data": [
      {
        "text": "it will be ",
        "userDefined": false
      },
      {
        "text": "28.01-01.02",
        "alias": "date-period",
        "meta": "@sys.date-period",
        "userDefined": true
      }
    ],
    "isTemplate": false,
    "count": 0,
    "updated": 0
  },
  {
    "id": "4473a830-c7a4-480d-b571-afd3499d0b0a",
    "data": [
      {
        "text": "from ",
        "userDefined": false
      },
      {
        "text": "today",
        "alias": "date-start",
        "meta": "@sys.date",
        "userDefined": false
      },
      {
        "text": " till ",
        "userDefined": false
      },
      {
        "text": "friday",
        "alias": "date-end",
        "meta": "@sys.date",
        "userDefined": false
      }
    ],
    "isTemplate": false,
    "count": 0,
    "updated": 0
  },
  {
    "id": "b9c48dab-4778-49f9-bad1-6090bf224ec9",
    "data": [
      {
        "text": "24.12 - 07.01",
        "alias": "date-period",
        "meta": "@sys.date-period",
        "userDefined": false
      }
    ],
    "isTemplate": false,
    "count": 0,
    "updated": 0
  },
  {
    "id": "b8bb0248-f875-4fb6-85da-2c79a4a34e2b",
    "data": [
      {
        "text": "i want a free day ",
        "userDefined": false
      },
      {
        "text": "next monday",
        "alias": "date",
        "meta": "@sys.date",
        "userDefined": false
      },
      {
        "text": " from ",
        "userDefined": false
      },
      {
        "text": "7 AM",
        "alias": "time-start",
        "meta": "@sys.time",
        "userDefined": false
      },
      {
        "text": " to ",
        "userDefined": false
      },
      {
        "text": "4 PM",
        "alias": "time-end",
        "meta": "@sys.time",
        "userDefined": false
      }
    ],
    "isTemplate": false,
    "count": 0,
    "updated": 0
  },
  {
    "id": "75a951da-f9a0-434d-901b-b4fbb026e384",
    "data": [
      {
        "text": "3 days after tomorrow",
        "alias": "date",
        "meta": "@sys.date",
        "userDefined": false
      }
    ],
    "isTemplate": false,
    "count": 0,
    "updated": 0
  },
  {
    "id": "7934ed07-e916-4bee-aa7f-ddd5c68eb49a",
    "data": [
      {
        "text": "From Monday",
        "alias": "date-start",
        "meta": "@sys.date",
        "userDefined": true
      },
      {
        "text": " till ",
        "userDefined": false
      },
      {
        "text": "21.12.2018",
        "alias": "date-end",
        "meta": "@sys.date",
        "userDefined": true
      }
    ],
    "isTemplate": false,
    "count": 0,
    "updated": 0
  },
  {
    "id": "fd268505-3297-4b31-ac95-92f0c77daf1c",
    "data": [
      {
        "text": "from ",
        "userDefined": false
      },
      {
        "text": "tomorrow at 8.00",
        "alias": "date-time-start",
        "meta": "@sys.date-time",
        "userDefined": true
      },
      {
        "text": " to ",
        "userDefined": false
      },
      {
        "text": "Wednesday",
        "alias": "date-end",
        "meta": "@sys.date",
        "userDefined": true
      }
    ],
    "isTemplate": false,
    "count": 0,
    "updated": 0
  },
  {
    "id": "fc5969cc-b6db-4328-9d96-97f207724313",
    "data": [
      {
        "text": "in ",
        "userDefined": false
      },
      {
        "text": "22.01",
        "alias": "date-list",
        "meta": "@sys.date",
        "userDefined": true
      },
      {
        "text": ", ",
        "userDefined": false
      },
      {
        "text": "23.01",
        "alias": "date-list",
        "meta": "@sys.date",
        "userDefined": true
      },
      {
        "text": " and ",
        "userDefined": false
      },
      {
        "text": "28.01",
        "alias": "date-list",
        "meta": "@sys.date",
        "userDefined": true
      }
    ],
    "isTemplate": false,
    "count": 0,
    "updated": 1544780056
  },
  {
    "id": "5c0ff1b6-3f09-4c79-8a84-9494b298b4ac",
    "data": [
      {
        "text": "in following days ",
        "userDefined": false
      },
      {
        "text": "26.12",
        "alias": "date-list",
        "meta": "@sys.date",
        "userDefined": true
      },
      {
        "text": ", ",
        "userDefined": false
      },
      {
        "text": "27.12",
        "alias": "date-list",
        "meta": "@sys.date",
        "userDefined": true
      },
      {
        "text": ", ",
        "userDefined": false
      },
      {
        "text": "29.12",
        "alias": "date-list",
        "meta": "@sys.date",
        "userDefined": true
      }
    ],
    "isTemplate": false,
    "count": 0,
    "updated": 1544780056
  },
  {
    "id": "9a5e2929-6254-41cb-bac1-9d7db85d2e51",
    "data": [
      {
        "text": "from 20.12.2018 8:00 PM",
        "alias": "date-time-start",
        "meta": "@sys.date-time",
        "userDefined": true
      },
      {
        "text": " ",
        "userDefined": false
      },
      {
        "text": "till 32.12.2018",
        "alias": "date-end",
        "meta": "@sys.date",
        "userDefined": false
      }
    ],
    "isTemplate": false,
    "count": 0,
    "updated": 0
  },
  {
    "id": "ba68c342-e10e-4595-8f3c-0a3994c43c7a",
    "data": [
      {
        "text": "from 14.12",
        "alias": "date-start",
        "meta": "@sys.date",
        "userDefined": true
      },
      {
        "text": " ",
        "userDefined": false
      },
      {
        "text": "till 30.12.2021",
        "alias": "date-end",
        "meta": "@sys.date",
        "userDefined": true
      }
    ],
    "isTemplate": false,
    "count": 0,
    "updated": 0
  },
  {
    "id": "7b5d1c4d-7df0-49c5-9463-9a7611fc2821",
    "data": [
      {
        "text": "from 24.12.2018",
        "alias": "date-start",
        "meta": "@sys.date",
        "userDefined": true
      },
      {
        "text": " ",
        "userDefined": false
      },
      {
        "text": "to 30.12.2021",
        "alias": "date-end",
        "meta": "@sys.date",
        "userDefined": true
      }
    ],
    "isTemplate": false,
    "count": 0,
    "updated": 0
  },
  {
    "id": "bccde011-600a-47b3-8269-de3a0b5ceb35",
    "data": [
      {
        "text": "all next year",
        "alias": "date-period",
        "meta": "@sys.date-period",
        "userDefined": false
      }
    ],
    "isTemplate": false,
    "count": 0,
    "updated": 0
  },
  {
    "id": "bd16d2e8-c789-4947-9faa-693316e3b1a7",
    "data": [
      {
        "text": "1.1.2019",
        "alias": "date-start",
        "meta": "@sys.date",
        "userDefined": true
      },
      {
        "text": " - ",
        "userDefined": false
      },
      {
        "text": "30.12.2019",
        "alias": "date-end",
        "meta": "@sys.date",
        "userDefined": true
      }
    ],
    "isTemplate": false,
    "count": 0,
    "updated": 0
  },
  {
    "id": "0ba593da-b93c-41ad-97ce-f5e8d024158b",
    "data": [
      {
        "text": "01.01.2019",
        "alias": "date-start",
        "meta": "@sys.date",
        "userDefined": true
      },
      {
        "text": " to ",
        "userDefined": false
      },
      {
        "text": "30.12.2019",
        "alias": "date-end",
        "meta": "@sys.date",
        "userDefined": true
      }
    ],
    "isTemplate": false,
    "count": 0,
    "updated": 0
  },
  {
    "id": "de1a03fc-51dc-431e-bc65-39bccbb0eb24",
    "data": [
      {
        "text": "from ",
        "userDefined": false
      },
      {
        "text": "01.01.2019",
        "alias": "date-start",
        "meta": "@sys.date",
        "userDefined": true
      },
      {
        "text": " to ",
        "userDefined": false
      },
      {
        "text": "30.12.2019",
        "alias": "date-end",
        "meta": "@sys.date",
        "userDefined": true
      }
    ],
    "isTemplate": false,
    "count": 0,
    "updated": 0
  },
  {
    "id": "d60715a8-e0f3-4e34-86e7-9640da1e4cc0",
    "data": [
      {
        "text": "Since ",
        "userDefined": false
      },
      {
        "text": "today",
        "alias": "date-start",
        "meta": "@sys.date",
        "userDefined": true
      },
      {
        "text": " till ",
        "userDefined": false
      },
      {
        "text": "1st May 2077",
        "alias": "date-end",
        "meta": "@sys.date",
        "userDefined": true
      }
    ],
    "isTemplate": false,
    "count": 0,
    "updated": 1544780056
  },
  {
    "id": "b53aba36-e3d3-4b29-a47b-cc9795911c87",
    "data": [
      {
        "text": "from ",
        "userDefined": false
      },
      {
        "text": "tomorrow 8am",
        "alias": "date-time-start",
        "meta": "@sys.date-time",
        "userDefined": true
      },
      {
        "text": " till ",
        "userDefined": false
      },
      {
        "text": "Saturday 11am",
        "alias": "date-time-end",
        "meta": "@sys.date-time",
        "userDefined": true
      }
    ],
    "isTemplate": false,
    "count": 0,
    "updated": 1544780056
  },
  {
    "id": "3b04ce37-4402-402c-b784-10043c105057",
    "data": [
      {
        "text": "tomorrow",
        "alias": "date",
        "meta": "@sys.date",
        "userDefined": false
      },
      {
        "text": " from ",
        "userDefined": false
      },
      {
        "text": "11:00",
        "alias": "time-start",
        "meta": "@sys.time",
        "userDefined": true
      },
      {
        "text": " to ",
        "userDefined": false
      },
      {
        "text": "15:00",
        "alias": "time-end",
        "meta": "@sys.time",
        "userDefined": true
      }
    ],
    "isTemplate": false,
    "count": 0,
    "updated": 1544710327
  },
  {
    "id": "a44c36cf-3a97-4acd-8c4e-9c54bbdf7b40",
    "data": [
      {
        "text": "from ",
        "userDefined": false
      },
      {
        "text": "September 23rd at 5 pm",
        "alias": "date-time-start",
        "meta": "@sys.date-time",
        "userDefined": true
      },
      {
        "text": " to ",
        "userDefined": false
      },
      {
        "text": "September 25th at 9 pm",
        "alias": "date-time-end",
        "meta": "@sys.date-time",
        "userDefined": true
      }
    ],
    "isTemplate": false,
    "count": 0,
    "updated": 1544710327
  },
  {
    "id": "96cf0b51-7533-4e10-9a66-3121596ead88",
    "data": [
      {
        "text": "on February 12th",
        "alias": "date",
        "meta": "@sys.date",
        "userDefined": false
      },
      {
        "text": " from ",
        "userDefined": false
      },
      {
        "text": "2 pm",
        "alias": "time-start",
        "meta": "@sys.time",
        "userDefined": true
      },
      {
        "text": " to ",
        "userDefined": false
      },
      {
        "text": "6 pm",
        "alias": "time-end",
        "meta": "@sys.time",
        "userDefined": true
      }
    ],
    "isTemplate": false,
    "count": 0,
    "updated": 1544710327
  },
  {
    "id": "f4d1e285-efdf-4754-ae67-98656c60914e",
    "data": [
      {
        "text": "I like to take the ",
        "userDefined": false
      },
      {
        "text": "next 5 days",
        "alias": "date-period",
        "meta": "@sys.date-period",
        "userDefined": true
      },
      {
        "text": " off",
        "userDefined": false
      }
    ],
    "isTemplate": false,
    "count": 0,
    "updated": 1544710327
  },
  {
    "id": "4b84dbfb-1e59-43fa-b21a-e3bf47784b3c",
    "data": [
      {
        "text": "I\u0027m planning to be off ",
        "userDefined": false
      },
      {
        "text": "on March",
        "alias": "date-period",
        "meta": "@sys.date-period",
        "userDefined": true
      }
    ],
    "isTemplate": false,
    "count": 0,
    "updated": 1544652926
  },
  {
    "id": "80cb55b8-faba-4f57-9630-f2df87787a2b",
    "data": [
      {
        "text": "next month",
        "alias": "date-period",
        "meta": "@sys.date-period",
        "userDefined": true
      }
    ],
    "isTemplate": false,
    "count": 0,
    "updated": 1544652926
  },
  {
    "id": "573384c6-47ee-4eef-b58f-2bc0b2f1d518",
    "data": [
      {
        "text": "next week",
        "alias": "date-period",
        "meta": "@sys.date-period",
        "userDefined": true
      }
    ],
    "isTemplate": false,
    "count": 0,
    "updated": 1544652926
  },
  {
    "id": "af2d7d00-99f7-486f-8a8e-db8fb5e1382e",
    "data": [
      {
        "text": "I will be absent ",
        "userDefined": false
      },
      {
        "text": "tomorrow",
        "alias": "date",
        "meta": "@sys.date",
        "userDefined": true
      }
    ],
    "isTemplate": false,
    "count": 0,
    "updated": 1544652926
  },
  {
    "id": "902b9391-d0bf-460a-8096-54313e3d4d22",
    "data": [
      {
        "text": "starting from ",
        "userDefined": false
      },
      {
        "text": "26 October",
        "alias": "date-start",
        "meta": "@sys.date",
        "userDefined": true
      },
      {
        "text": " till ",
        "userDefined": false
      },
      {
        "text": "31 October",
        "alias": "date-end",
        "meta": "@sys.date",
        "userDefined": true
      }
    ],
    "isTemplate": false,
    "count": 0,
    "updated": 1544710327
  },
  {
    "id": "57e62047-2f84-49e2-b6a7-ea76040f939a",
    "data": [
      {
        "text": "I will be absent from ",
        "userDefined": false
      },
      {
        "text": "Thursday",
        "alias": "date-start",
        "meta": "@sys.date",
        "userDefined": true
      },
      {
        "text": " till ",
        "userDefined": false
      },
      {
        "text": "Sunday",
        "alias": "date-end",
        "meta": "@sys.date",
        "userDefined": true
      }
    ],
    "isTemplate": false,
    "count": 0,
    "updated": 1544710327
  },
  {
    "id": "d0354f21-1a82-4c2f-ad72-e775ac8842c4",
    "data": [
      {
        "text": "I will be absent from ",
        "userDefined": false
      },
      {
        "text": "27.12",
        "alias": "date-start",
        "meta": "@sys.date",
        "userDefined": true
      },
      {
        "text": " to ",
        "userDefined": false
      },
      {
        "text": "28.12",
        "alias": "date-end",
        "meta": "@sys.date",
        "userDefined": true
      }
    ],
    "isTemplate": false,
    "count": 1,
    "updated": 1544710327
  },
  {
    "id": "8e38ce31-ddcc-48fa-a4ff-8fa3a5d7b675",
    "data": [
      {
        "text": "I\u0027d like to get a day off on ",
        "userDefined": false
      },
      {
        "text": "2.12.2018",
        "alias": "date",
        "meta": "@sys.date",
        "userDefined": true
      }
    ],
    "isTemplate": false,
    "count": 0,
    "updated": 1544652926
  },
  {
    "id": "b48bfb4f-37e8-43ac-bb2e-c22776728ac0",
    "data": [
      {
        "text": "I will be absent from ",
        "userDefined": false
      },
      {
        "text": "Thursday",
        "alias": "date-start",
        "meta": "@sys.date",
        "userDefined": true
      },
      {
        "text": " to ",
        "userDefined": false
      },
      {
        "text": "Sunday",
        "alias": "date-end",
        "meta": "@sys.date",
        "userDefined": true
      }
    ],
    "isTemplate": false,
    "count": 0,
    "updated": 1544710327
  },
  {
    "id": "2c33ee79-0090-4a61-9194-65ec2a26bb4b",
    "data": [
      {
        "text": "I want to take days off from ",
        "userDefined": false
      },
      {
        "text": "27.12.2018",
        "alias": "date-start",
        "meta": "@sys.date",
        "userDefined": true
      },
      {
        "text": " to ",
        "userDefined": false
      },
      {
        "text": "3.01.2019",
        "alias": "date-end",
        "meta": "@sys.date",
        "userDefined": true
      }
    ],
    "isTemplate": false,
    "count": 0,
    "updated": 1544710327
  },
  {
    "id": "d99c3595-6bf8-4021-afac-ab215a233440",
    "data": [
      {
        "text": "I need days off from ",
        "userDefined": false
      },
      {
        "text": "24.12",
        "alias": "date-start",
        "meta": "@sys.date",
        "userDefined": true
      },
      {
        "text": " to ",
        "userDefined": false
      },
      {
        "text": "31.12",
        "alias": "date-end",
        "meta": "@sys.date",
        "userDefined": true
      }
    ],
    "isTemplate": false,
    "count": 0,
    "updated": 1544710327
  },
  {
    "id": "79672d79-2fb4-441c-8e6c-58abc6b6a690",
    "data": [
      {
        "text": "days off from ",
        "userDefined": false
      },
      {
        "text": "24.12.2018",
        "alias": "date-start",
        "meta": "@sys.date",
        "userDefined": true
      },
      {
        "text": " to ",
        "userDefined": false
      },
      {
        "text": "31.12.2018",
        "alias": "date-end",
        "meta": "@sys.date",
        "userDefined": true
      }
    ],
    "isTemplate": false,
    "count": 0,
    "updated": 1544710327
  },
  {
    "id": "64927f3c-d7e3-4f41-881a-ac35d92bfcda",
    "data": [
      {
        "text": "from ",
        "userDefined": false
      },
      {
        "text": "24.12",
        "alias": "date-start",
        "meta": "@sys.date",
        "userDefined": true
      },
      {
        "text": " to ",
        "userDefined": false
      },
      {
        "text": "31.12",
        "alias": "date-end",
        "meta": "@sys.date",
        "userDefined": true
      }
    ],
    "isTemplate": false,
    "count": 0,
    "updated": 1544710327
  },
  {
    "id": "2d0de046-7a2f-45cb-b1ef-47d99c4bc862",
    "data": [
      {
        "text": "from ",
        "userDefined": false
      },
      {
        "text": "24 December",
        "alias": "date-start",
        "meta": "@sys.date",
        "userDefined": true
      },
      {
        "text": " to ",
        "userDefined": false
      },
      {
        "text": "31 December",
        "alias": "date-end",
        "meta": "@sys.date",
        "userDefined": true
      }
    ],
    "isTemplate": false,
    "count": 1,
    "updated": 1544710327
  },
  {
    "id": "428c06d4-35f6-49b0-9d43-81d34989ac04",
    "data": [
      {
        "text": "from ",
        "userDefined": false
      },
      {
        "text": "26.10.2018",
        "alias": "date-start",
        "meta": "@sys.date",
        "userDefined": true
      },
      {
        "text": " till ",
        "userDefined": false
      },
      {
        "text": "31.10.2018",
        "alias": "date-end",
        "meta": "@sys.date",
        "userDefined": true
      }
    ],
    "isTemplate": false,
    "count": 1,
    "updated": 1544710327
  },
  {
    "id": "99763c82-1c49-4a45-a549-45e84dd78f8b",
    "data": [
      {
        "text": "from ",
        "userDefined": false
      },
      {
        "text": "27.10.2018",
        "alias": "date-start",
        "meta": "@sys.date",
        "userDefined": true
      },
      {
        "text": " to ",
        "userDefined": false
      },
      {
        "text": "28.10.2018",
        "alias": "date-end",
        "meta": "@sys.date",
        "userDefined": true
      }
    ],
    "isTemplate": false,
    "count": 0,
    "updated": 1544710327
  },
  {
    "id": "d2185d30-84f3-4096-a64e-3a81f34ae414",
    "data": [
      {
        "text": "from ",
        "userDefined": false
      },
      {
        "text": "Monday",
        "alias": "date-start",
        "meta": "@sys.date",
        "userDefined": true
      },
      {
        "text": " till ",
        "userDefined": false
      },
      {
        "text": "Thursday",
        "alias": "date-end",
        "meta": "@sys.date",
        "userDefined": true
      }
    ],
    "isTemplate": false,
    "count": 0,
    "updated": 1544710327
  },
  {
    "id": "ddcbcc0c-15b7-4b45-a4cb-22c51f77566d",
    "data": [
      {
        "text": "on Monday",
        "alias": "date",
        "meta": "@sys.date",
        "userDefined": false
      }
    ],
    "isTemplate": false,
    "count": 0,
    "updated": 1544652926
  },
  {
    "id": "4b132b7d-63bd-46b5-9812-33a8ec80377a",
    "data": [
      {
        "text": "tomorrow",
        "alias": "date",
        "meta": "@sys.date",
        "userDefined": false
      }
    ],
    "isTemplate": false,
    "count": 0,
    "updated": 1544652926
  },
  {
    "id": "aaac6284-022f-49c0-886e-cb24cc7bb5df",
    "data": [
      {
        "text": "next Friday",
        "alias": "date",
        "meta": "@sys.date",
        "userDefined": false
      }
    ],
    "isTemplate": false,
    "count": 0,
    "updated": 1544652926
  },
  {
    "id": "3a2687b3-8824-4ed2-baa5-1f8a07828e0a",
    "data": [
      {
        "text": "from ",
        "userDefined": false
      },
      {
        "text": "August 2nd",
        "alias": "date-start",
        "meta": "@sys.date",
        "userDefined": true
      },
      {
        "text": " till ",
        "userDefined": false
      },
      {
        "text": "October 10th",
        "alias": "date-end",
        "meta": "@sys.date",
        "userDefined": true
      }
    ],
    "isTemplate": false,
    "count": 0,
    "updated": 1544710327
  }
]