[
  {
    "id": "2867b47e-2f15-4fe5-a2b8-ab8bc549657a",
    "data": [
      {
        "text": "I would like to take a ",
        "userDefined": false
      },
      {
        "text": "holiday",
        "alias": "reason",
        "meta": "@reason",
        "userDefined": false
      },
      {
        "text": " ",
        "userDefined": false
      },
      {
        "text": "20th February 2019",
        "alias": "date",
        "meta": "@sys.date",
        "userDefined": false
      }
    ],
    "isTemplate": false,
    "count": 0,
    "updated": 0
  },
  {
    "id": "ea36f8f2-591a-4aa3-b689-6e6110f40ce5",
    "data": [
      {
        "text": "I want remote day ",
        "userDefined": false
      },
      {
        "text": "today",
        "alias": "date",
        "meta": "@sys.date",
        "userDefined": false
      },
      {
        "text": ". I’m ",
        "userDefined": false
      },
      {
        "text": "sick",
        "alias": "reason",
        "meta": "@reason",
        "userDefined": false
      }
    ],
    "isTemplate": false,
    "count": 0,
    "updated": 0
  },
  {
    "id": "d333277a-0c5a-4c9b-b4ed-0f2c891de9b9",
    "data": [
      {
        "text": "I would like to work ",
        "userDefined": false
      },
      {
        "text": "remotely",
        "alias": "reason",
        "meta": "@reason",
        "userDefined": false
      },
      {
        "text": " from ",
        "userDefined": false
      },
      {
        "text": "4 February 2019",
        "alias": "date-start",
        "meta": "@sys.date",
        "userDefined": false
      },
      {
        "text": " to ",
        "userDefined": false
      },
      {
        "text": "5 February 2019",
        "alias": "date-end",
        "meta": "@sys.date",
        "userDefined": false
      }
    ],
    "isTemplate": false,
    "count": 0,
    "updated": 0
  },
  {
    "id": "2115772e-f30d-4d6a-b69d-a4073228d7c5",
    "data": [
      {
        "text": "I will be working ",
        "userDefined": false
      },
      {
        "text": "remotely",
        "alias": "reason",
        "meta": "@reason",
        "userDefined": false
      },
      {
        "text": ", ",
        "userDefined": false
      },
      {
        "text": "today",
        "alias": "date",
        "meta": "@sys.date",
        "userDefined": false
      },
      {
        "text": " from ",
        "userDefined": false
      },
      {
        "text": "6 AM",
        "alias": "time-start",
        "meta": "@sys.time",
        "userDefined": false
      },
      {
        "text": " until ",
        "userDefined": false
      },
      {
        "text": "2 PM",
        "alias": "time-end",
        "meta": "@sys.time",
        "userDefined": false
      },
      {
        "text": ".",
        "userDefined": false
      }
    ],
    "isTemplate": false,
    "count": 0,
    "updated": 0
  },
  {
    "id": "04bb73d7-06a9-40f3-a01b-dd9e9fb241d5",
    "data": [
      {
        "text": "Sick",
        "alias": "reason",
        "meta": "@reason",
        "userDefined": false
      },
      {
        "text": " from ",
        "userDefined": false
      },
      {
        "text": "monday",
        "alias": "date-start",
        "meta": "@sys.date",
        "userDefined": false
      },
      {
        "text": " to ",
        "userDefined": false
      },
      {
        "text": "friday",
        "alias": "date-end",
        "meta": "@sys.date",
        "userDefined": false
      }
    ],
    "isTemplate": false,
    "count": 0,
    "updated": 0
  },
  {
    "id": "fed9d79f-1d03-430c-9335-36d0afd8e321",
    "data": [
      {
        "text": "Sick",
        "alias": "reason",
        "meta": "@reason",
        "userDefined": false
      },
      {
        "text": " from ",
        "userDefined": false
      },
      {
        "text": "monday 8:00",
        "alias": "date-time-start",
        "meta": "@sys.date-time",
        "userDefined": false
      },
      {
        "text": " to ",
        "userDefined": false
      },
      {
        "text": "friday 16:00",
        "alias": "date-time-end",
        "meta": "@sys.date-time",
        "userDefined": true
      }
    ],
    "isTemplate": false,
    "count": 0,
    "updated": 0
  },
  {
    "id": "73b088fd-1af9-4df8-97dc-c3e9727d00d0",
    "data": [
      {
        "text": "absence ",
        "userDefined": false
      },
      {
        "text": "today",
        "alias": "date",
        "meta": "@sys.date",
        "userDefined": false
      },
      {
        "text": " ",
        "userDefined": false
      },
      {
        "text": "15:40",
        "alias": "time-start",
        "meta": "@sys.time",
        "userDefined": false
      },
      {
        "text": " till ",
        "userDefined": false
      },
      {
        "text": "18:40",
        "alias": "time-end",
        "meta": "@sys.time",
        "userDefined": true
      }
    ],
    "isTemplate": false,
    "count": 0,
    "updated": 0
  },
  {
    "id": "7ea94e4b-6d34-4e0b-97a9-fe08e1ea662d",
    "data": [
      {
        "text": "absence ",
        "userDefined": false
      },
      {
        "text": "today",
        "alias": "date",
        "meta": "@sys.date",
        "userDefined": false
      },
      {
        "text": " ",
        "userDefined": false
      },
      {
        "text": "3:40 PM",
        "alias": "time-start",
        "meta": "@sys.time",
        "userDefined": false
      },
      {
        "text": " till ",
        "userDefined": false
      },
      {
        "text": "6:40 PM",
        "alias": "time-end",
        "meta": "@sys.time",
        "userDefined": true
      }
    ],
    "isTemplate": false,
    "count": 0,
    "updated": 0
  },
  {
    "id": "954560ad-325a-465a-98ab-fbb78fed32c2",
    "data": [
      {
        "text": "I will be working ",
        "userDefined": false
      },
      {
        "text": "remotely",
        "alias": "reason",
        "meta": "@reason",
        "userDefined": false
      },
      {
        "text": ", ",
        "userDefined": false
      },
      {
        "text": "today",
        "alias": "date",
        "meta": "@sys.date",
        "userDefined": false
      },
      {
        "text": " from ",
        "userDefined": false
      },
      {
        "text": "3:50 PM",
        "alias": "time-start",
        "meta": "@sys.time",
        "userDefined": false
      },
      {
        "text": " until ",
        "userDefined": false
      },
      {
        "text": "6:50 PM",
        "alias": "time-end",
        "meta": "@sys.time",
        "userDefined": false
      }
    ],
    "isTemplate": false,
    "count": 0,
    "updated": 0
  },
  {
    "id": "0c60d414-a1ae-48a9-b611-30d5298da9b6",
    "data": [
      {
        "text": "I need day off for ",
        "userDefined": false
      },
      {
        "text": "1st of March",
        "alias": "date",
        "meta": "@sys.date",
        "userDefined": false
      }
    ],
    "isTemplate": false,
    "count": 1,
    "updated": 0
  },
  {
    "id": "06d891d2-553d-4728-9188-a42302f41320",
    "data": [
      {
        "text": "I will be off ",
        "userDefined": false
      },
      {
        "text": "tomorrow",
        "alias": "date",
        "meta": "@sys.date",
        "userDefined": false
      },
      {
        "text": " ",
        "userDefined": false
      },
      {
        "text": "from 11 AM till 2 PM",
        "alias": "time-period",
        "meta": "@sys.time-period",
        "userDefined": true
      }
    ],
    "isTemplate": false,
    "count": 1,
    "updated": 0
  },
  {
    "id": "922f1d83-c6d8-400c-a236-efbccacbbb0f",
    "data": [
      {
        "text": "school",
        "alias": "reason",
        "meta": "@reason",
        "userDefined": false
      },
      {
        "text": " ",
        "userDefined": false
      },
      {
        "text": "from 14 pm to 17 pm",
        "alias": "time-period",
        "meta": "@sys.time-period",
        "userDefined": false
      }
    ],
    "isTemplate": false,
    "count": 0,
    "updated": 0
  },
  {
    "id": "eecbc556-242c-40bc-b71f-84e2e9e83a70",
    "data": [
      {
        "text": "school",
        "alias": "reason",
        "meta": "@reason",
        "userDefined": false
      },
      {
        "text": " ",
        "userDefined": false
      },
      {
        "text": "tomorrow",
        "alias": "date",
        "meta": "@sys.date",
        "userDefined": false
      },
      {
        "text": " ",
        "userDefined": false
      },
      {
        "text": "from 14 pm to 17 pm",
        "alias": "time-period",
        "meta": "@sys.time-period",
        "userDefined": false
      }
    ],
    "isTemplate": false,
    "count": 0,
    "updated": 0
  },
  {
    "id": "d5d77b95-1e8c-4aed-a0bd-f3c1611bf998",
    "data": [
      {
        "text": "school",
        "alias": "reason",
        "meta": "@reason",
        "userDefined": true
      },
      {
        "text": " ",
        "userDefined": false
      },
      {
        "text": "today",
        "alias": "date",
        "meta": "@sys.date",
        "userDefined": true
      },
      {
        "text": " ",
        "userDefined": false
      },
      {
        "text": "from 14 pm to 17 pm",
        "alias": "time-period",
        "meta": "@sys.time-period",
        "userDefined": true
      }
    ],
    "isTemplate": false,
    "count": 1,
    "updated": 0
  },
  {
    "id": "d3168535-7f0a-4069-9034-bc4ce93f5db3",
    "data": [
      {
        "text": "I\u0027m going to ",
        "userDefined": false
      },
      {
        "text": "work from home",
        "alias": "reason",
        "meta": "@reason",
        "userDefined": false
      },
      {
        "text": " ",
        "userDefined": false
      },
      {
        "text": "today",
        "alias": "date",
        "meta": "@sys.date",
        "userDefined": false
      }
    ],
    "isTemplate": false,
    "count": 1,
    "updated": 0
  },
  {
    "id": "6ab27a78-e42e-4439-ab65-23b6ce119c7f",
    "data": [
      {
        "text": "Remote",
        "alias": "reason",
        "meta": "@reason",
        "userDefined": true
      },
      {
        "text": " ",
        "userDefined": false
      },
      {
        "text": "today",
        "alias": "date",
        "meta": "@sys.date",
        "userDefined": false
      }
    ],
    "isTemplate": false,
    "count": 0,
    "updated": 0
  },
  {
    "id": "ebf6c911-2048-4b48-8a51-ff5be495675f",
    "data": [
      {
        "text": "I would like to be ",
        "userDefined": false
      },
      {
        "text": "remote",
        "alias": "reason",
        "meta": "@reason",
        "userDefined": false
      },
      {
        "text": " ",
        "userDefined": false
      },
      {
        "text": "from 2nd Feb to 2nd March",
        "alias": "date-period",
        "meta": "@sys.date-period",
        "userDefined": true
      }
    ],
    "isTemplate": false,
    "count": 0,
    "updated": 0
  },
  {
    "id": "e5f9e1dc-256b-4537-abec-fbbc10dcac54",
    "data": [
      {
        "text": "Holiday",
        "alias": "reason",
        "meta": "@reason",
        "userDefined": false
      },
      {
        "text": " ",
        "userDefined": false
      },
      {
        "text": "2.03 - 11.03",
        "alias": "date-period",
        "meta": "@sys.date-period",
        "userDefined": false
      }
    ],
    "isTemplate": false,
    "count": 1,
    "updated": 0
  },
  {
    "id": "6b52f6d3-f04a-48a8-9236-50d12b203e7c",
    "data": [
      {
        "text": "Hi, I want to declare absence on ",
        "userDefined": false
      },
      {
        "text": "the first march",
        "alias": "date",
        "meta": "@sys.date",
        "userDefined": false
      },
      {
        "text": " ",
        "userDefined": false
      },
      {
        "text": "between 8 AM and 11 AM",
        "alias": "time-period",
        "meta": "@sys.time-period",
        "userDefined": true
      },
      {
        "text": " because of ",
        "userDefined": false
      },
      {
        "text": "school",
        "alias": "reason",
        "meta": "@reason",
        "userDefined": false
      }
    ],
    "isTemplate": false,
    "count": 0,
    "updated": 1548765755
  },
  {
    "id": "99941019-fc16-43ea-8ed8-3ab6e3e73dd4",
    "data": [
      {
        "text": "I’d like to have ",
        "userDefined": false
      },
      {
        "text": "holidays",
        "alias": "reason",
        "meta": "@reason",
        "userDefined": false
      },
      {
        "text": " ",
        "userDefined": false
      },
      {
        "text": "from 18 to 22 february",
        "alias": "date-period",
        "meta": "@sys.date-period",
        "userDefined": false
      }
    ],
    "isTemplate": false,
    "count": 1,
    "updated": 0
  },
  {
    "id": "3c10c351-703b-4df9-a39f-fc9b90b5e99a",
    "data": [
      {
        "text": "I will be working ",
        "userDefined": false
      },
      {
        "text": "remotely",
        "alias": "reason",
        "meta": "@reason",
        "userDefined": true
      },
      {
        "text": " ",
        "userDefined": false
      },
      {
        "text": "today",
        "alias": "date",
        "meta": "@sys.date",
        "userDefined": false
      }
    ],
    "isTemplate": false,
    "count": 0,
    "updated": 0
  },
  {
    "id": "6fda6fe0-fc4b-4c51-bb6d-192389babaea",
    "data": [
      {
        "text": "conference",
        "alias": "reason",
        "meta": "@reason",
        "userDefined": false
      },
      {
        "text": " ",
        "userDefined": false
      },
      {
        "text": "February 7-8",
        "alias": "date-period",
        "meta": "@sys.date-period",
        "userDefined": false
      }
    ],
    "isTemplate": false,
    "count": 0,
    "updated": 0
  },
  {
    "id": "6b52f6d3-f04a-48a8-9236-50d12b203e7c",
    "data": [
      {
        "text": "Hi, I want to declare absence on ",
        "userDefined": false
      },
      {
        "text": "the first march",
        "alias": "date",
        "meta": "@sys.date",
        "userDefined": false
      },
      {
        "text": " between ",
        "userDefined": false
      },
      {
        "text": "8 AM",
        "alias": "time-start",
        "meta": "@sys.time",
        "userDefined": false
      },
      {
        "text": " and ",
        "userDefined": false
      },
      {
        "text": "11 AM",
        "alias": "time-end",
        "meta": "@sys.time",
        "userDefined": false
      },
      {
        "text": " because of ",
        "userDefined": false
      },
      {
        "text": "school",
        "alias": "reason",
        "meta": "@reason",
        "userDefined": false
      }
    ],
    "isTemplate": false,
    "count": 0,
    "updated": 1548765755
  },
  {
    "id": "0511ec20-cdcf-4b34-9686-5d4adaf24fd4",
    "data": [
      {
        "text": "Hi, ",
        "userDefined": false
      },
      {
        "text": "school",
        "alias": "reason",
        "meta": "@reason",
        "userDefined": false
      },
      {
        "text": ", ",
        "userDefined": false
      },
      {
        "text": "1.03.2019",
        "alias": "date",
        "meta": "@sys.date",
        "userDefined": false
      },
      {
        "text": " ",
        "userDefined": false
      },
      {
        "text": "8:00AM",
        "alias": "time-start",
        "meta": "@sys.time",
        "userDefined": true
      },
      {
        "text": " to ",
        "userDefined": false
      },
      {
        "text": "11:00AM",
        "alias": "time-end",
        "meta": "@sys.time",
        "userDefined": true
      }
    ],
    "isTemplate": false,
    "count": 0,
    "updated": 0
  },
  {
    "id": "9522dbfb-8261-4a2c-a56c-b825b20f62c8",
    "data": [
      {
        "text": "Hi, ",
        "userDefined": false
      },
      {
        "text": "school",
        "alias": "reason",
        "meta": "@reason",
        "userDefined": false
      },
      {
        "text": ", ",
        "userDefined": false
      },
      {
        "text": "1.03.2019",
        "alias": "date",
        "meta": "@sys.date",
        "userDefined": false
      },
      {
        "text": " between ",
        "userDefined": false
      },
      {
        "text": "7:00AM",
        "alias": "time-start",
        "meta": "@sys.time",
        "userDefined": true
      },
      {
        "text": " to ",
        "userDefined": false
      },
      {
        "text": "10:00AM",
        "alias": "time-end",
        "meta": "@sys.time",
        "userDefined": true
      }
    ],
    "isTemplate": false,
    "count": 0,
    "updated": 1548765755
  },
  {
    "id": "5c87084d-1a1b-459d-a0c0-8c0275f979ee",
    "data": [
      {
        "text": "Hi, would like request for ",
        "userDefined": false
      },
      {
        "text": "holiday",
        "alias": "reason",
        "meta": "@reason",
        "userDefined": false
      },
      {
        "text": " ",
        "userDefined": false
      },
      {
        "text": "from march second to march eleventh",
        "alias": "date-period",
        "meta": "@sys.date-period",
        "userDefined": false
      },
      {
        "text": ", wanna go skiing",
        "userDefined": false
      }
    ],
    "isTemplate": false,
    "count": 0,
    "updated": 1548765755
  },
  {
    "id": "7b06fe2c-b2df-47d3-acba-4a9e98add44d",
    "data": [
      {
        "text": "A would like to go to ",
        "userDefined": false
      },
      {
        "text": "vacation",
        "alias": "reason",
        "meta": "@reason",
        "userDefined": false
      }
    ],
    "isTemplate": false,
    "count": 0,
    "updated": 0
  },
  {
    "id": "bbf6c2ff-598d-4ceb-b999-497a15eaaa9e",
    "data": [
      {
        "text": "I want ",
        "userDefined": false
      },
      {
        "text": "holiday",
        "alias": "reason",
        "meta": "@reason",
        "userDefined": false
      },
      {
        "text": " on ",
        "userDefined": false
      },
      {
        "text": "04.02.2019",
        "alias": "date",
        "meta": "@sys.date",
        "userDefined": false
      }
    ],
    "isTemplate": false,
    "count": 0,
    "updated": 1548765755
  },
  {
    "id": "062e1f75-18e3-4c49-90a6-257ffd893c54",
    "data": [
      {
        "text": "i’m working ",
        "userDefined": false
      },
      {
        "text": "remotely",
        "alias": "reason",
        "meta": "@reason",
        "userDefined": false
      },
      {
        "text": " ",
        "userDefined": false
      },
      {
        "text": "today",
        "alias": "date",
        "meta": "@sys.date",
        "userDefined": false
      }
    ],
    "isTemplate": false,
    "count": 0,
    "updated": 0
  },
  {
    "id": "5929b698-aeb8-4c23-87a2-21a53b5ecf06",
    "data": [
      {
        "text": "I\u0027ll work ",
        "userDefined": false
      },
      {
        "text": "today",
        "alias": "date",
        "meta": "@sys.date",
        "userDefined": false
      },
      {
        "text": " ",
        "userDefined": false
      },
      {
        "text": "remotely",
        "alias": "reason",
        "meta": "@reason",
        "userDefined": true
      }
    ],
    "isTemplate": false,
    "count": 1,
    "updated": 0
  },
  {
    "id": "951d47b6-4510-42ed-998d-c1ee5aab23ed",
    "data": [
      {
        "text": "I’m ",
        "userDefined": false
      },
      {
        "text": "working from home",
        "alias": "reason",
        "meta": "@reason",
        "userDefined": false
      }
    ],
    "isTemplate": false,
    "count": 0,
    "updated": 0
  },
  {
    "id": "e31125e3-fa76-4665-ab1c-9a6753824374",
    "data": [
      {
        "text": "I want to take a day off on ",
        "userDefined": false
      },
      {
        "text": "February 5",
        "alias": "date",
        "meta": "@sys.date",
        "userDefined": false
      }
    ],
    "isTemplate": false,
    "count": 0,
    "updated": 0
  },
  {
    "id": "2db1fa32-ef17-4728-8a91-909354afe928",
    "data": [
      {
        "text": "Illness",
        "alias": "reason",
        "meta": "@reason",
        "userDefined": false
      },
      {
        "text": " ",
        "userDefined": false
      },
      {
        "text": "January 15th 2019 - January 18th 2019",
        "alias": "date-period",
        "meta": "@sys.date-period",
        "userDefined": true
      }
    ],
    "isTemplate": false,
    "count": 0,
    "updated": 0
  },
  {
    "id": "16fd0965-b275-4404-8ebe-c52baffed102",
    "data": [
      {
        "text": "Holiday",
        "alias": "reason",
        "meta": "@reason",
        "userDefined": false
      },
      {
        "text": " ",
        "userDefined": false
      },
      {
        "text": "from 18.02.2019 till 01.03.2019",
        "alias": "date-period",
        "meta": "@sys.date-period",
        "userDefined": true
      }
    ],
    "isTemplate": false,
    "count": 0,
    "updated": 0
  },
  {
    "id": "20ab1c19-1d8c-4225-94a5-d7866890dc2e",
    "data": [
      {
        "text": "remote",
        "alias": "reason",
        "meta": "@reason",
        "userDefined": false
      },
      {
        "text": " ",
        "userDefined": false
      },
      {
        "text": "2019-01-15",
        "alias": "date",
        "meta": "@sys.date",
        "userDefined": false
      },
      {
        "text": " ",
        "userDefined": false
      },
      {
        "text": "10:00",
        "alias": "time-start",
        "meta": "@sys.time",
        "userDefined": false
      },
      {
        "text": "-",
        "userDefined": false
      },
      {
        "text": "16:00",
        "alias": "time-end",
        "meta": "@sys.time",
        "userDefined": false
      }
    ],
    "isTemplate": false,
    "count": 0,
    "updated": 0
  },
  {
    "id": "aa950006-a18d-45bb-9fff-8e165afb50e9",
    "data": [
      {
        "text": "remote",
        "alias": "reason",
        "meta": "@reason",
        "userDefined": false
      },
      {
        "text": " ",
        "userDefined": false
      },
      {
        "text": "2019-01-15",
        "alias": "date",
        "meta": "@sys.date",
        "userDefined": false
      }
    ],
    "isTemplate": false,
    "count": 0,
    "updated": 0
  },
  {
    "id": "40432fea-d31b-4486-aa17-8010a41a48cd",
    "data": [
      {
        "text": "remote",
        "alias": "reason",
        "meta": "@reason",
        "userDefined": false
      },
      {
        "text": " ",
        "userDefined": false
      },
      {
        "text": "15.01",
        "alias": "date",
        "meta": "@sys.date",
        "userDefined": false
      },
      {
        "text": " between ",
        "userDefined": false
      },
      {
        "text": "10:00",
        "alias": "time-start",
        "meta": "@sys.time",
        "userDefined": true
      },
      {
        "text": "-",
        "userDefined": false
      },
      {
        "text": "16:00",
        "alias": "time-end",
        "meta": "@sys.time",
        "userDefined": true
      }
    ],
    "isTemplate": false,
    "count": 1,
    "updated": 1549008605
  },
  {
    "id": "d25f0a2e-e86e-4f3e-ab73-987b954159ef",
    "data": [
      {
        "text": "remote",
        "alias": "reason",
        "meta": "@reason",
        "userDefined": false
      },
      {
        "text": " ",
        "userDefined": false
      },
      {
        "text": "15th Jan",
        "alias": "date",
        "meta": "@sys.date",
        "userDefined": false
      },
      {
        "text": " \u003cspan class\u003d\"selection\" selection-value\u003d\"@sys.ignore\" selection-user-defined\u003d\"false\"\u003ebetween ",
        "userDefined": false
      },
      {
        "text": "10am",
        "alias": "time-start",
        "meta": "@sys.time",
        "userDefined": true
      },
      {
        "text": " and ",
        "userDefined": false
      },
      {
        "text": "4pm",
        "alias": "time-end",
        "meta": "@sys.time",
        "userDefined": true
      },
      {
        "text": "\u003c/span\u003e",
        "userDefined": false
      }
    ],
    "isTemplate": false,
    "count": 1,
    "updated": 1549008605
  },
  {
    "id": "89b7861e-13fa-42d0-b597-d202165a5434",
    "data": [
      {
        "text": "I’d like to work ",
        "userDefined": false
      },
      {
        "text": "remotely",
        "alias": "reason",
        "meta": "@reason",
        "userDefined": false
      },
      {
        "text": " ",
        "userDefined": false
      },
      {
        "text": "Jan 15th",
        "alias": "date",
        "meta": "@sys.date",
        "userDefined": false
      },
      {
        "text": " between ",
        "userDefined": false
      },
      {
        "text": "10am",
        "alias": "time-start",
        "meta": "@sys.time",
        "userDefined": false
      },
      {
        "text": " and ",
        "userDefined": false
      },
      {
        "text": "4pm",
        "alias": "time-end",
        "meta": "@sys.time",
        "userDefined": false
      }
    ],
    "isTemplate": false,
    "count": 0,
    "updated": 0
  },
  {
    "id": "0461061a-dbda-4146-937d-987c05a5b46d",
    "data": [
      {
        "text": "I’d like to work ",
        "userDefined": false
      },
      {
        "text": "remotely",
        "alias": "reason",
        "meta": "@reason",
        "userDefined": false
      },
      {
        "text": " ",
        "userDefined": false
      },
      {
        "text": "15.01",
        "alias": "date",
        "meta": "@sys.date",
        "userDefined": false
      },
      {
        "text": " between ",
        "userDefined": false
      },
      {
        "text": "10am",
        "alias": "time-start",
        "meta": "@sys.time",
        "userDefined": false
      },
      {
        "text": " and ",
        "userDefined": false
      },
      {
        "text": "4pm",
        "alias": "time-end",
        "meta": "@sys.time",
        "userDefined": false
      }
    ],
    "isTemplate": false,
    "count": 0,
    "updated": 0
  },
  {
    "id": "eff77f18-d41a-49ee-8d2f-f7a49f824160",
    "data": [
      {
        "text": "I’d like to work ",
        "userDefined": false
      },
      {
        "text": "remotely",
        "alias": "reason",
        "meta": "@reason",
        "userDefined": false
      },
      {
        "text": " ",
        "userDefined": false
      },
      {
        "text": "15.01",
        "alias": "date",
        "meta": "@sys.date",
        "userDefined": false
      },
      {
        "text": " between ",
        "userDefined": false
      },
      {
        "text": "10:00",
        "alias": "time-start",
        "meta": "@sys.time",
        "userDefined": false
      },
      {
        "text": "-",
        "userDefined": false
      },
      {
        "text": "16:00",
        "alias": "time-end",
        "meta": "@sys.time",
        "userDefined": false
      }
    ],
    "isTemplate": false,
    "count": 0,
    "updated": 0
  },
  {
    "id": "57e7a12d-4775-4076-85cc-069f9206f023",
    "data": [
      {
        "text": "I’ll be off since ",
        "userDefined": false
      },
      {
        "text": "26.04",
        "alias": "date-start",
        "meta": "@sys.date",
        "userDefined": false
      },
      {
        "text": " to ",
        "userDefined": false
      },
      {
        "text": "03.05",
        "alias": "date-end",
        "meta": "@sys.date",
        "userDefined": false
      }
    ],
    "isTemplate": false,
    "count": 1,
    "updated": 0
  },
  {
    "id": "c892676d-eace-4e38-9ed0-7841716e705a",
    "data": [
      {
        "text": "I’m on the ",
        "userDefined": false
      },
      {
        "text": "conference",
        "alias": "reason",
        "meta": "@reason",
        "userDefined": false
      },
      {
        "text": " ",
        "userDefined": false
      },
      {
        "text": "on 21-22 february",
        "alias": "date-period",
        "meta": "@sys.date-period",
        "userDefined": false
      }
    ],
    "isTemplate": false,
    "count": 0,
    "updated": 1549008605
  },
  {
    "id": "4f2d35d8-a62d-43cb-86bb-af268d241ccf",
    "data": [
      {
        "text": "I’m on a ",
        "userDefined": false
      },
      {
        "text": "conference",
        "alias": "reason",
        "meta": "@reason",
        "userDefined": false
      },
      {
        "text": " ",
        "userDefined": false
      },
      {
        "text": "8-10 april",
        "alias": "date-period",
        "meta": "@sys.date-period",
        "userDefined": false
      }
    ],
    "isTemplate": false,
    "count": 0,
    "updated": 1549008605
  },
  {
    "id": "301dc268-0aea-4fe0-a239-cdf593ad0d94",
    "data": [
      {
        "text": "holiday",
        "alias": "reason",
        "meta": "@reason",
        "userDefined": false
      }
    ],
    "isTemplate": false,
    "count": 6,
    "updated": 1544652721
  },
  {
    "id": "becc9ca7-142c-4136-80b8-82186602e899",
    "data": [
      {
        "text": "I need ",
        "userDefined": false
      },
      {
        "text": "vacation",
        "alias": "reason",
        "meta": "@reason",
        "userDefined": false
      },
      {
        "text": " on ",
        "userDefined": false
      },
      {
        "text": "8 February",
        "alias": "date",
        "meta": "@sys.date",
        "userDefined": false
      }
    ],
    "isTemplate": false,
    "count": 0,
    "updated": 1549008605
  },
  {
    "id": "05026d9c-eeca-4e8c-a881-1732ba031c6c",
    "data": [
      {
        "text": "I would like to have a ",
        "userDefined": false
      },
      {
        "text": "holiday",
        "alias": "reason",
        "meta": "@reason",
        "userDefined": false
      },
      {
        "text": " ",
        "userDefined": false
      },
      {
        "text": "from 4th March to 8th March",
        "alias": "date-period",
        "meta": "@sys.date-period",
        "userDefined": true
      }
    ],
    "isTemplate": false,
    "count": 0,
    "updated": 0
  },
  {
    "id": "4fcd0f76-4869-4d45-911f-664b5ac7f751",
    "data": [
      {
        "text": "holiday",
        "alias": "reason",
        "meta": "@reason",
        "userDefined": false
      },
      {
        "text": " ",
        "userDefined": false
      },
      {
        "text": "from 4th March to 8th March",
        "alias": "date-period",
        "meta": "@sys.date-period",
        "userDefined": true
      }
    ],
    "isTemplate": false,
    "count": 0,
    "updated": 0
  },
  {
    "id": "7c7495e3-7b9c-415e-ad57-cd3e046c0a43",
    "data": [
      {
        "text": "holiday",
        "alias": "reason",
        "meta": "@reason",
        "userDefined": false
      },
      {
        "text": " from ",
        "userDefined": false
      },
      {
        "text": "4th March 8am",
        "alias": "date-time-start",
        "meta": "@sys.date-time",
        "userDefined": true
      },
      {
        "text": " to ",
        "userDefined": false
      },
      {
        "text": "8th March 12pm",
        "alias": "date-time-end",
        "meta": "@sys.date-time",
        "userDefined": true
      }
    ],
    "isTemplate": false,
    "count": 0,
    "updated": 0
  },
  {
    "id": "4398ee43-e0a8-44ef-8379-1a44f11d197d",
    "data": [
      {
        "text": "holiday",
        "alias": "reason",
        "meta": "@reason",
        "userDefined": false
      },
      {
        "text": " from ",
        "userDefined": false
      },
      {
        "text": "4 March",
        "alias": "date-start",
        "meta": "@sys.date",
        "userDefined": false
      },
      {
        "text": " to ",
        "userDefined": false
      },
      {
        "text": "8th March 12pm",
        "alias": "date-time-end",
        "meta": "@sys.date-time",
        "userDefined": true
      }
    ],
    "isTemplate": false,
    "count": 0,
    "updated": 0
  },
  {
    "id": "a02eac1c-f66d-431c-9a3c-47f07f4436e1",
    "data": [
      {
        "text": "vacation",
        "alias": "reason",
        "meta": "@reason",
        "userDefined": false
      },
      {
        "text": " from ",
        "userDefined": false
      },
      {
        "text": "04.02.2019",
        "alias": "date-start",
        "meta": "@sys.date",
        "userDefined": false
      },
      {
        "text": " to ",
        "userDefined": false
      },
      {
        "text": "08.02.2019",
        "alias": "date-end",
        "meta": "@sys.date",
        "userDefined": false
      }
    ],
    "isTemplate": false,
    "count": 0,
    "updated": 0
  },
  {
    "id": "a6fc1256-9f98-4bfa-a7e0-faf4e435f5c4",
    "data": [
      {
        "text": "Can I take one day off at ",
        "userDefined": false
      },
      {
        "text": "16 September",
        "alias": "date",
        "meta": "@sys.date",
        "userDefined": false
      },
      {
        "text": "?",
        "userDefined": false
      }
    ],
    "isTemplate": false,
    "count": 0,
    "updated": 0
  },
  {
    "id": "586674de-5f10-4b2d-b93e-00a3bd0090d9",
    "data": [
      {
        "text": "i’ll be off ",
        "userDefined": false
      },
      {
        "text": "17-20.01",
        "alias": "date-period",
        "meta": "@sys.date-period",
        "userDefined": false
      },
      {
        "text": ", because of ",
        "userDefined": false
      },
      {
        "text": "sick",
        "alias": "reason",
        "meta": "@reason",
        "userDefined": false
      }
    ],
    "isTemplate": false,
    "count": 0,
    "updated": 0
  },
  {
    "id": "50cd3857-e979-4aab-a525-97f28036c9a7",
    "data": [
      {
        "text": "sick",
        "alias": "reason",
        "meta": "@reason",
        "userDefined": false
      },
      {
        "text": ", ",
        "userDefined": false
      },
      {
        "text": "18-20.01",
        "alias": "date",
        "meta": "@sys.date",
        "userDefined": false
      }
    ],
    "isTemplate": false,
    "count": 0,
    "updated": 0
  },
  {
    "id": "0658f630-f412-417c-a25e-d72f8b920d1f",
    "data": [
      {
        "text": "i feel ",
        "userDefined": false
      },
      {
        "text": "sick",
        "alias": "reason",
        "meta": "@reason",
        "userDefined": false
      }
    ],
    "isTemplate": false,
    "count": 2,
    "updated": 1544652721
  },
  {
    "id": "9304d736-99fd-4f7d-bcdd-508506a5c997",
    "data": [
      {
        "text": "Remote ",
        "userDefined": false
      },
      {
        "text": "today",
        "alias": "date",
        "meta": "@sys.date",
        "userDefined": false
      },
      {
        "text": " ",
        "userDefined": false
      },
      {
        "text": "sick",
        "alias": "reason",
        "meta": "@reason",
        "userDefined": false
      }
    ],
    "isTemplate": false,
    "count": 0,
    "updated": 0
  },
  {
    "id": "157729b8-d30e-4b56-ac1a-297e21d0ab7c",
    "data": [
      {
        "text": "I\u0027ll be off ",
        "userDefined": false
      },
      {
        "text": "today",
        "alias": "date",
        "meta": "@sys.date",
        "userDefined": false
      }
    ],
    "isTemplate": false,
    "count": 0,
    "updated": 1549008605
  },
  {
    "id": "c0141103-dd68-4649-b0af-c36de234e1af",
    "data": [
      {
        "text": "I working ",
        "userDefined": false
      },
      {
        "text": "remotely",
        "alias": "reason",
        "meta": "@reason",
        "userDefined": false
      },
      {
        "text": " ",
        "userDefined": false
      },
      {
        "text": "today",
        "alias": "date",
        "meta": "@sys.date",
        "userDefined": false
      }
    ],
    "isTemplate": false,
    "count": 0,
    "updated": 0
  },
  {
    "id": "f14e4b36-1012-4504-a3ea-fc94b4323a30",
    "data": [
      {
        "text": "I’ll be off since ",
        "userDefined": false
      },
      {
        "text": "12.06",
        "alias": "date-start",
        "meta": "@sys.date",
        "userDefined": false
      },
      {
        "text": " to ",
        "userDefined": false
      },
      {
        "text": "14.06",
        "alias": "date-end",
        "meta": "@sys.date",
        "userDefined": false
      }
    ],
    "isTemplate": false,
    "count": 0,
    "updated": 0
  },
  {
    "id": "d264c7ec-46f7-41c6-99a1-81ed8087c9f9",
    "data": [
      {
        "text": "I just feel ",
        "userDefined": false
      },
      {
        "text": "sick",
        "alias": "reason",
        "meta": "@reason",
        "userDefined": false
      },
      {
        "text": " and I want to stay at home",
        "userDefined": false
      }
    ],
    "isTemplate": false,
    "count": 0,
    "updated": 0
  },
  {
    "id": "be91c1bc-9960-48dc-934f-488781d7dd24",
    "data": [
      {
        "text": "I will be off since ",
        "userDefined": false
      },
      {
        "text": "17.01.2019",
        "alias": "date-start",
        "meta": "@sys.date",
        "userDefined": false
      },
      {
        "text": " to ",
        "userDefined": false
      },
      {
        "text": "20.01.2019",
        "alias": "date",
        "meta": "@sys.date",
        "userDefined": false
      }
    ],
    "isTemplate": false,
    "count": 0,
    "updated": 0
  },
  {
    "id": "9810f4eb-00dd-4527-8d0d-d81301d5f41e",
    "data": [
      {
        "text": "illness",
        "alias": "reason",
        "meta": "@reason",
        "userDefined": false
      }
    ],
    "isTemplate": false,
    "count": 0,
    "updated": 0
  },
  {
    "id": "ecf33872-972c-4a1e-83f5-b41a4ca70a09",
    "data": [
      {
        "text": "I want to take a day off, because of ",
        "userDefined": false
      },
      {
        "text": "illness",
        "alias": "reason",
        "meta": "@reason",
        "userDefined": false
      },
      {
        "text": ". I want to be off for the ",
        "userDefined": false
      },
      {
        "text": "rest of the week",
        "alias": "date-period",
        "meta": "@sys.date-period",
        "userDefined": true
      }
    ],
    "isTemplate": false,
    "count": 0,
    "updated": 0
  },
  {
    "id": "80fdb846-d4ff-47f1-9c76-e1d82723188d",
    "data": [
      {
        "text": "I want to take day off because of ",
        "userDefined": false
      },
      {
        "text": "illness",
        "alias": "reason",
        "meta": "@reason",
        "userDefined": false
      },
      {
        "text": ". I will be off ",
        "userDefined": false
      },
      {
        "text": "17-20.01.2019",
        "alias": "date-period",
        "meta": "@sys.date-period",
        "userDefined": false
      }
    ],
    "isTemplate": false,
    "count": 0,
    "updated": 0
  },
  {
    "id": "90957308-bdc6-4ebf-acea-13b916a7496f",
    "data": [
      {
        "text": "I want to take one day ",
        "userDefined": false
      },
      {
        "text": "remote",
        "alias": "reason",
        "meta": "@reason",
        "userDefined": false
      }
    ],
    "isTemplate": false,
    "count": 0,
    "updated": 0
  },
  {
    "id": "0e3b932a-0244-4b2d-af70-ed38a6a4d13a",
    "data": [
      {
        "text": "I want to go on a ",
        "userDefined": false
      },
      {
        "text": "holiday",
        "alias": "reason",
        "meta": "@reason",
        "userDefined": false
      }
    ],
    "isTemplate": false,
    "count": 0,
    "updated": 0
  },
  {
    "id": "75b62c83-8c4a-44b3-b9e6-e99f58666f50",
    "data": [
      {
        "text": "I want to go on a ",
        "userDefined": false
      },
      {
        "text": "holiday",
        "alias": "reason",
        "meta": "@reason",
        "userDefined": false
      },
      {
        "text": ". It will be ",
        "userDefined": false
      },
      {
        "text": "28.01-01.02",
        "alias": "date-period",
        "meta": "@sys.date-period",
        "userDefined": false
      }
    ],
    "isTemplate": false,
    "count": 0,
    "updated": 0
  },
  {
    "id": "397d69ad-e0c6-4ac2-aa89-85b1ad4874d6",
    "data": [
      {
        "text": "I will be on ",
        "userDefined": false
      },
      {
        "text": "conference",
        "alias": "reason",
        "meta": "@reason",
        "userDefined": false
      },
      {
        "text": " ",
        "userDefined": false
      },
      {
        "text": "from January 9 to January 11",
        "alias": "date-period",
        "meta": "@sys.date-period",
        "userDefined": false
      }
    ],
    "isTemplate": false,
    "count": 0,
    "updated": 0
  },
  {
    "id": "c8ff3afa-3a8c-47ad-b6e7-48c655e99bdb",
    "data": [
      {
        "text": "hey, I’m ",
        "userDefined": false
      },
      {
        "text": "sick",
        "alias": "reason",
        "meta": "@reason",
        "userDefined": false
      },
      {
        "text": ", will be off ",
        "userDefined": false
      },
      {
        "text": "till the end of the week",
        "alias": "date-period",
        "meta": "@sys.date-period",
        "userDefined": true
      }
    ],
    "isTemplate": false,
    "count": 0,
    "updated": 0
  },
  {
    "id": "972d4cc6-ed05-4e10-8c02-92cdac9dc852",
    "data": [
      {
        "text": "I’m going on ",
        "userDefined": false
      },
      {
        "text": "vacation",
        "alias": "reason",
        "meta": "@reason",
        "userDefined": false
      },
      {
        "text": " ",
        "userDefined": false
      },
      {
        "text": "between 16 and 19 of January",
        "alias": "date-period",
        "meta": "@sys.date-period",
        "userDefined": true
      }
    ],
    "isTemplate": false,
    "count": 0,
    "updated": 0
  },
  {
    "id": "d97a91b7-6ff7-4421-a7db-d3b80e0cfaa2",
    "data": [
      {
        "text": "I will be absent ",
        "userDefined": false
      },
      {
        "text": "on Friday",
        "alias": "date",
        "meta": "@sys.date",
        "userDefined": false
      },
      {
        "text": " from ",
        "userDefined": false
      },
      {
        "text": "8am",
        "alias": "time-start",
        "meta": "@sys.time",
        "userDefined": false
      },
      {
        "text": " till ",
        "userDefined": false
      },
      {
        "text": "5pm",
        "alias": "time-end",
        "meta": "@sys.time",
        "userDefined": false
      },
      {
        "text": " because of ",
        "userDefined": false
      },
      {
        "text": "holidays",
        "alias": "reason",
        "meta": "@reason",
        "userDefined": false
      }
    ],
    "isTemplate": false,
    "count": 2,
    "updated": 1549008605
  },
  {
    "id": "079b74bf-42d2-4243-b720-9d738d5f7eae",
    "data": [
      {
        "text": "I will be off between ",
        "userDefined": false
      },
      {
        "text": "7:45am",
        "alias": "time-start",
        "meta": "@sys.time",
        "userDefined": false
      },
      {
        "text": " and ",
        "userDefined": false
      },
      {
        "text": "11:00am",
        "alias": "time-end",
        "meta": "@sys.time",
        "userDefined": false
      },
      {
        "text": " ",
        "userDefined": false
      },
      {
        "text": "tomorrow",
        "alias": "date",
        "meta": "@sys.date",
        "userDefined": true
      },
      {
        "text": " because of ",
        "userDefined": false
      },
      {
        "text": "school",
        "alias": "reason",
        "meta": "@reason",
        "userDefined": false
      }
    ],
    "isTemplate": false,
    "count": 2,
    "updated": 1549008605
  },
  {
    "id": "d0b4e77d-0f36-4401-a2d9-412c6772ae13",
    "data": [
      {
        "text": "I will be off ",
        "userDefined": false
      },
      {
        "text": "next Wednesday",
        "alias": "date",
        "meta": "@sys.date",
        "userDefined": false
      },
      {
        "text": " ",
        "userDefined": false
      },
      {
        "text": "9:00",
        "alias": "time-start",
        "meta": "@sys.time",
        "userDefined": false
      },
      {
        "text": "-",
        "userDefined": false
      },
      {
        "text": "11:00",
        "alias": "time-end",
        "meta": "@sys.time",
        "userDefined": false
      },
      {
        "text": " because of ",
        "userDefined": false
      },
      {
        "text": "school",
        "alias": "reason",
        "meta": "@reason",
        "userDefined": false
      }
    ],
    "isTemplate": false,
    "count": 1,
    "updated": 1549008605
  },
  {
    "id": "840fc8e2-2de2-45e9-b7cf-7168137570f0",
    "data": [
      {
        "text": "I\u0027ll work ",
        "userDefined": false
      },
      {
        "text": "today",
        "alias": "date",
        "meta": "@sys.date",
        "userDefined": false
      },
      {
        "text": " from ",
        "userDefined": false
      },
      {
        "text": "home",
        "alias": "reason",
        "meta": "@reason",
        "userDefined": false
      }
    ],
    "isTemplate": false,
    "count": 0,
    "updated": 1549008605
  },
  {
    "id": "901f027e-4488-4256-832a-1c67cbe17f1a",
    "data": [
      {
        "text": "I\u0027ll be absent ",
        "userDefined": false
      },
      {
        "text": "today",
        "alias": "date",
        "meta": "@sys.date",
        "userDefined": false
      }
    ],
    "isTemplate": false,
    "count": 0,
    "updated": 1549008605
  },
  {
    "id": "45d8e0f6-0cb8-40c7-a67f-fb4995b28fa5",
    "data": [
      {
        "text": "free",
        "meta": "@sys.ignore",
        "userDefined": false
      },
      {
        "text": " ",
        "userDefined": false
      },
      {
        "text": "24th - 27th December",
        "alias": "date-period",
        "meta": "@sys.date-period",
        "userDefined": true
      }
    ],
    "isTemplate": false,
    "count": 0,
    "updated": 1549008605
  },
  {
    "id": "f7729fbe-c9c0-4355-be79-e1cc0104a8b1",
    "data": [
      {
        "text": "will be absent from ",
        "userDefined": false
      },
      {
        "text": "8:00",
        "alias": "time-start",
        "meta": "@sys.time",
        "userDefined": false
      },
      {
        "text": " till ",
        "userDefined": false
      },
      {
        "text": "13:00",
        "alias": "time-end",
        "meta": "@sys.time",
        "userDefined": false
      },
      {
        "text": " at ",
        "userDefined": false
      },
      {
        "text": "25th December",
        "alias": "date",
        "meta": "@sys.date",
        "userDefined": false
      },
      {
        "text": " because of ",
        "userDefined": false
      },
      {
        "text": "holidays",
        "alias": "reason",
        "meta": "@reason",
        "userDefined": false
      }
    ],
    "isTemplate": false,
    "count": 0,
    "updated": 1549008605
  },
  {
    "id": "a16c452e-2ab6-4c2a-8ff8-277835bbdebc",
    "data": [
      {
        "text": "I will be absent ",
        "userDefined": false
      },
      {
        "text": "tomorrow",
        "alias": "date",
        "meta": "@sys.date",
        "userDefined": false
      },
      {
        "text": " from ",
        "userDefined": false
      },
      {
        "text": "14:01",
        "alias": "time-start",
        "meta": "@sys.time",
        "userDefined": false
      },
      {
        "text": " till ",
        "userDefined": false
      },
      {
        "text": "14:02",
        "alias": "time-end",
        "meta": "@sys.time",
        "userDefined": false
      },
      {
        "text": " because of ",
        "userDefined": false
      },
      {
        "text": "holidays",
        "alias": "reason",
        "meta": "@reason",
        "userDefined": false
      }
    ],
    "isTemplate": false,
    "count": 0,
    "updated": 1549008605
  },
  {
    "id": "592c3972-ac17-4376-8414-4967b63e9c6e",
    "data": [
      {
        "text": "Today",
        "alias": "date-start",
        "meta": "@sys.date",
        "userDefined": false
      },
      {
        "text": " until ",
        "userDefined": false
      },
      {
        "text": "tomorrow",
        "alias": "date-end",
        "meta": "@sys.date",
        "userDefined": false
      },
      {
        "text": ", ",
        "userDefined": false
      },
      {
        "text": "sick",
        "alias": "reason",
        "meta": "@reason",
        "userDefined": false
      }
    ],
    "isTemplate": false,
    "count": 1,
    "updated": 1549008605
  },
  {
    "id": "b28e5d74-b8fc-423d-86d8-118b0d000211",
    "data": [
      {
        "text": "I\u0027ll be absent at ",
        "userDefined": false
      },
      {
        "text": "24th of December",
        "alias": "date",
        "meta": "@sys.date",
        "userDefined": false
      }
    ],
    "isTemplate": false,
    "count": 1,
    "updated": 1549008605
  },
  {
    "id": "f4b63f64-559e-4aa4-b9f0-87b1125147fb",
    "data": [
      {
        "text": "I\u0027ll be absent at ",
        "userDefined": false
      },
      {
        "text": "24th of December",
        "alias": "date",
        "meta": "@sys.date",
        "userDefined": false
      },
      {
        "text": " because of ",
        "userDefined": false
      },
      {
        "text": "holidays",
        "alias": "reason",
        "meta": "@reason",
        "userDefined": true
      }
    ],
    "isTemplate": false,
    "count": 1,
    "updated": 1549008605
  },
  {
    "id": "8c6e1b67-f24e-4812-84a0-ec528f9dc6f8",
    "data": [
      {
        "text": "I will be absent from ",
        "userDefined": false
      },
      {
        "text": "8:00",
        "alias": "time-start",
        "meta": "@sys.time",
        "userDefined": false
      },
      {
        "text": " till ",
        "userDefined": false
      },
      {
        "text": "16:00",
        "alias": "time-end",
        "meta": "@sys.time",
        "userDefined": false
      },
      {
        "text": " at ",
        "userDefined": false
      },
      {
        "text": "24th December",
        "alias": "date",
        "meta": "@sys.date",
        "userDefined": false
      },
      {
        "text": " because of ",
        "userDefined": false
      },
      {
        "text": "holidays",
        "alias": "reason",
        "meta": "@reason",
        "userDefined": true
      }
    ],
    "isTemplate": false,
    "count": 1,
    "updated": 1549008605
  },
  {
    "id": "042de638-39d1-4ec5-9504-151d3d230983",
    "data": [
      {
        "text": "I will be absent ",
        "userDefined": false
      },
      {
        "text": "tomorrow",
        "alias": "date",
        "meta": "@sys.date",
        "userDefined": false
      },
      {
        "text": " from ",
        "userDefined": false
      },
      {
        "text": "12:00",
        "alias": "time-start",
        "meta": "@sys.time",
        "userDefined": false
      },
      {
        "text": " till ",
        "userDefined": false
      },
      {
        "text": "12:01",
        "alias": "time-end",
        "meta": "@sys.time",
        "userDefined": false
      }
    ],
    "isTemplate": false,
    "count": 1,
    "updated": 1549008605
  },
  {
    "id": "ea2f3f03-ad24-4ed5-88cf-180d463894a8",
    "data": [
      {
        "text": "I will work from my ",
        "userDefined": false
      },
      {
        "text": "home",
        "alias": "reason",
        "meta": "@reason",
        "userDefined": false
      }
    ],
    "isTemplate": false,
    "count": 0,
    "updated": 1549008605
  },
  {
    "id": "368383dd-bf6d-4331-9a40-47113de4a4bd",
    "data": [
      {
        "text": "Sick",
        "alias": "reason",
        "meta": "@reason",
        "userDefined": false
      }
    ],
    "isTemplate": false,
    "count": 0,
    "updated": 0
  },
  {
    "id": "577c38fe-4eb1-4b9d-ba55-deec61dbe3bf",
    "data": [
      {
        "text": "Today",
        "alias": "date",
        "meta": "@sys.date",
        "userDefined": true
      },
      {
        "text": ", ",
        "userDefined": false
      },
      {
        "text": "Sick",
        "alias": "reason",
        "meta": "@reason",
        "userDefined": false
      }
    ],
    "isTemplate": false,
    "count": 0,
    "updated": 1549008605
  },
  {
    "id": "42a09a6d-119f-41a1-8c2f-3cced43348cd",
    "data": [
      {
        "text": "24.12",
        "alias": "date",
        "meta": "@sys.date",
        "userDefined": false
      }
    ],
    "isTemplate": false,
    "count": 1,
    "updated": 0
  },
  {
    "id": "86f0c82f-6bb1-4fc7-a3aa-4104d18779d3",
    "data": [
      {
        "text": "I will be off ",
        "userDefined": false
      },
      {
        "text": "27.12.2018",
        "alias": "date-start",
        "meta": "@sys.date",
        "userDefined": false
      },
      {
        "text": " - ",
        "userDefined": false
      },
      {
        "text": "31.12.2018",
        "alias": "date-end",
        "meta": "@sys.date",
        "userDefined": true
      }
    ],
    "isTemplate": false,
    "count": 0,
    "updated": 1549008605
  },
  {
    "id": "dd6c871e-b572-4075-af7c-d2d019163be8",
    "data": [
      {
        "text": "i want to schedule day offs from ",
        "userDefined": false
      },
      {
        "text": "monday",
        "alias": "date-start",
        "meta": "@sys.date",
        "userDefined": false
      },
      {
        "text": " to ",
        "userDefined": false
      },
      {
        "text": "thursday",
        "alias": "date-end",
        "meta": "@sys.date",
        "userDefined": false
      }
    ],
    "isTemplate": false,
    "count": 0,
    "updated": 1549008605
  },
  {
    "id": "ddf6f303-fbc7-452d-af09-dd9608840ce1",
    "data": [
      {
        "text": "i want to work ",
        "userDefined": false
      },
      {
        "text": "remotely",
        "alias": "reason",
        "meta": "@reason",
        "userDefined": false
      },
      {
        "text": " ",
        "userDefined": false
      },
      {
        "text": "on monday",
        "alias": "date",
        "meta": "@sys.date",
        "userDefined": false
      }
    ],
    "isTemplate": false,
    "count": 0,
    "updated": 1549008605
  },
  {
    "id": "32bd4310-d597-43d2-89af-aa404993184b",
    "data": [
      {
        "text": "i want to have a ",
        "userDefined": false
      },
      {
        "text": "free",
        "alias": "reason",
        "meta": "@reason",
        "userDefined": false
      },
      {
        "text": " day in ",
        "userDefined": false
      },
      {
        "text": "next monday",
        "alias": "date",
        "meta": "@sys.date",
        "userDefined": false
      }
    ],
    "isTemplate": false,
    "count": 0,
    "updated": 1549008605
  },
  {
    "id": "a32e8262-7a3f-45e5-85dd-83d2da4c2357",
    "data": [
      {
        "text": "i need a ",
        "userDefined": false
      },
      {
        "text": "free",
        "alias": "reason",
        "meta": "@reason",
        "userDefined": false
      },
      {
        "text": " day ",
        "userDefined": false
      },
      {
        "text": "next monday",
        "alias": "date-end",
        "meta": "@sys.date",
        "userDefined": false
      }
    ],
    "isTemplate": false,
    "count": 0,
    "updated": 1549008605
  },
  {
    "id": "d9b4a4ff-4f58-4c5f-b29c-ca8860280e5a",
    "data": [
      {
        "text": "from 21.12.2018 till 27.12.2018",
        "alias": "date-period",
        "meta": "@sys.date-period",
        "userDefined": false
      }
    ],
    "isTemplate": false,
    "count": 0,
    "updated": 0
  },
  {
    "id": "612c3a8a-811c-4772-889e-b63162e3086c",
    "data": [
      {
        "text": "i’ll be ",
        "userDefined": false
      },
      {
        "text": "sick",
        "alias": "reason",
        "meta": "@reason",
        "userDefined": false
      },
      {
        "text": " from ",
        "userDefined": false
      },
      {
        "text": "21.12.2018",
        "alias": "date-start",
        "meta": "@sys.date",
        "userDefined": false
      },
      {
        "text": " till ",
        "userDefined": false
      },
      {
        "text": "27.12.2018",
        "alias": "date-end",
        "meta": "@sys.date",
        "userDefined": false
      }
    ],
    "isTemplate": false,
    "count": 0,
    "updated": 1549008605
  },
  {
    "id": "a297a1d5-1cba-4b59-bb6c-4a558d68c41e",
    "data": [
      {
        "text": "I want to rest from ",
        "userDefined": false
      },
      {
        "text": "21.12.2018",
        "alias": "date-start",
        "meta": "@sys.date",
        "userDefined": false
      },
      {
        "text": " till ",
        "userDefined": false
      },
      {
        "text": "27.12.2018",
        "alias": "date-end",
        "meta": "@sys.date",
        "userDefined": false
      },
      {
        "text": " because of ",
        "userDefined": false
      },
      {
        "text": "holiday",
        "alias": "reason",
        "meta": "@reason",
        "userDefined": false
      }
    ],
    "isTemplate": false,
    "count": 0,
    "updated": 1549008605
  },
  {
    "id": "c3b4001b-cb77-4d91-b219-41f8850d4737",
    "data": [
      {
        "text": "from ",
        "userDefined": false
      },
      {
        "text": "17.12.2018",
        "alias": "date-start",
        "meta": "@sys.date",
        "userDefined": false
      },
      {
        "text": " till ",
        "userDefined": false
      },
      {
        "text": "26.12.2018",
        "alias": "date-end",
        "meta": "@sys.date",
        "userDefined": false
      },
      {
        "text": " because of ",
        "userDefined": false
      },
      {
        "text": "Christmas",
        "alias": "reason",
        "meta": "@reason",
        "userDefined": false
      }
    ],
    "isTemplate": false,
    "count": 0,
    "updated": 1549008605
  },
  {
    "id": "d9ae4f4f-51c7-4ebb-91b5-96f3b58c2c2a",
    "data": [
      {
        "text": "from ",
        "userDefined": false
      },
      {
        "text": "17.12.2018",
        "alias": "date-start",
        "meta": "@sys.date",
        "userDefined": false
      },
      {
        "text": " to ",
        "userDefined": false
      },
      {
        "text": "21.12.2018",
        "alias": "date-end",
        "meta": "@sys.date",
        "userDefined": false
      },
      {
        "text": " i need to ",
        "userDefined": false
      },
      {
        "text": "rest",
        "alias": "reason",
        "meta": "@reason",
        "userDefined": false
      }
    ],
    "isTemplate": false,
    "count": 0,
    "updated": 1549008605
  },
  {
    "id": "d0fae3d8-2312-4f67-9d89-843789c6b56b",
    "data": [
      {
        "text": "from Monday to Friday",
        "alias": "date-period",
        "meta": "@sys.date-period",
        "userDefined": false
      },
      {
        "text": " want to make a ",
        "userDefined": false
      },
      {
        "text": "holiday",
        "alias": "reason",
        "meta": "@reason",
        "userDefined": false
      }
    ],
    "isTemplate": false,
    "count": 0,
    "updated": 1549008605
  },
  {
    "id": "fdb89059-8deb-4262-943d-eab6e26009a7",
    "data": [
      {
        "text": "I\u0027d like to take a few days off in ",
        "userDefined": false
      },
      {
        "text": "26.12",
        "alias": "date-list",
        "meta": "@sys.date",
        "userDefined": true
      },
      {
        "text": ", ",
        "userDefined": false
      },
      {
        "text": "27.12",
        "alias": "date-list",
        "meta": "@sys.date",
        "userDefined": true
      },
      {
        "text": " and ",
        "userDefined": false
      },
      {
        "text": "29.12",
        "alias": "date-list",
        "meta": "@sys.date",
        "userDefined": true
      }
    ],
    "isTemplate": false,
    "count": 0,
    "updated": 1549008605
  },
  {
    "id": "cb563b6b-1f11-491b-892a-2ed12e940884",
    "data": [
      {
        "text": "I won\u0027t be available ",
        "userDefined": false
      },
      {
        "text": "tomorrow",
        "alias": "date",
        "meta": "@sys.date",
        "userDefined": false
      }
    ],
    "isTemplate": false,
    "count": 0,
    "updated": 1549008605
  },
  {
    "id": "fdc20e76-5d76-43e4-9006-083751221faa",
    "data": [
      {
        "text": "I will be off ",
        "userDefined": false
      },
      {
        "text": "tomorrow",
        "alias": "date",
        "meta": "@sys.date",
        "userDefined": false
      }
    ],
    "isTemplate": false,
    "count": 1,
    "updated": 1549008605
  },
  {
    "id": "a39aeaa0-d2fe-412a-9f39-57ee04a1a5a8",
    "data": [
      {
        "text": "I need ",
        "userDefined": false
      },
      {
        "text": "vacations",
        "alias": "reason",
        "meta": "@reason",
        "userDefined": false
      }
    ],
    "isTemplate": false,
    "count": 3,
    "updated": 1549008605
  },
  {
    "id": "0e15e9ed-670b-43c0-a698-d48c04092565",
    "data": [
      {
        "text": "I will be off ",
        "userDefined": false
      },
      {
        "text": "from 27.12",
        "alias": "date-start",
        "meta": "@sys.date",
        "userDefined": false
      },
      {
        "text": " ",
        "userDefined": false
      },
      {
        "text": "to 31.12",
        "alias": "date-end",
        "meta": "@sys.date",
        "userDefined": false
      }
    ],
    "isTemplate": false,
    "count": 0,
    "updated": 1549008605
  },
  {
    "id": "fec2a256-6cca-45f2-8e34-1b0f871dedb7",
    "data": [
      {
        "text": "I’ll be off ",
        "userDefined": false
      },
      {
        "text": "tomorrow",
        "alias": "date",
        "meta": "@sys.date",
        "userDefined": false
      }
    ],
    "isTemplate": false,
    "count": 1,
    "updated": 1549008605
  },
  {
    "id": "956eec27-4127-432f-826d-385371757b6e",
    "data": [
      {
        "text": "remote",
        "alias": "reason",
        "meta": "@reason",
        "userDefined": false
      }
    ],
    "isTemplate": false,
    "count": 0,
    "updated": 0
  },
  {
    "id": "c0eeaa4a-b569-41f4-b5c9-9545616c0a3f",
    "data": [
      {
        "text": "Moto ",
        "userDefined": false
      },
      {
        "text": "trip",
        "alias": "reason",
        "meta": "@reason",
        "userDefined": false
      },
      {
        "text": " ",
        "userDefined": false
      },
      {
        "text": "in next week",
        "alias": "date-period",
        "meta": "@sys.date-period",
        "userDefined": false
      }
    ],
    "isTemplate": false,
    "count": 1,
    "updated": 1549008605
  },
  {
    "id": "821157d8-46f2-4428-8af9-ccaeabe1f632",
    "data": [
      {
        "text": "Trip",
        "alias": "reason",
        "meta": "@reason",
        "userDefined": false
      },
      {
        "text": " ",
        "userDefined": false
      },
      {
        "text": "next year",
        "alias": "date-period",
        "meta": "@sys.date-period",
        "userDefined": false
      }
    ],
    "isTemplate": false,
    "count": 1,
    "updated": 1549008605
  },
  {
    "id": "f28283ea-70f9-4368-8793-3565094ba626",
    "data": [
      {
        "text": "I will be off ",
        "userDefined": false
      },
      {
        "text": "01.01.2019",
        "alias": "date",
        "meta": "@sys.date",
        "userDefined": false
      }
    ],
    "isTemplate": false,
    "count": 0,
    "updated": 1549008605
  },
  {
    "id": "1e5714ca-e6bd-4868-87af-645bbbad2b5c",
    "data": [
      {
        "text": "I have to ",
        "userDefined": false
      },
      {
        "text": "rest",
        "alias": "reason",
        "meta": "@reason",
        "userDefined": false
      }
    ],
    "isTemplate": false,
    "count": 0,
    "updated": 1549008605
  },
  {
    "id": "c3bdbf80-7afa-4459-b45b-35f30aabccac",
    "data": [
      {
        "text": "I’ll be off from ",
        "userDefined": false
      },
      {
        "text": "01.01.2019",
        "alias": "date-start",
        "meta": "@sys.date",
        "userDefined": false
      },
      {
        "text": " to ",
        "userDefined": false
      },
      {
        "text": "30.12.2019",
        "alias": "date-end",
        "meta": "@sys.date",
        "userDefined": false
      }
    ],
    "isTemplate": false,
    "count": 0,
    "updated": 1549008605
  },
  {
    "id": "ffe5a891-abb5-4209-9d8b-8749a3dde4a2",
    "data": [
      {
        "text": "I want to ",
        "userDefined": false
      },
      {
        "text": "take a leave",
        "alias": "reason",
        "meta": "@reason",
        "userDefined": false
      }
    ],
    "isTemplate": false,
    "count": 0,
    "updated": 1549008605
  },
  {
    "id": "c8b6a87e-1631-4ca0-a8a2-297cd9d77e9e",
    "data": [
      {
        "text": "I will be absent since ",
        "userDefined": false
      },
      {
        "text": "tomorrow",
        "alias": "date-start",
        "meta": "@sys.date",
        "userDefined": true
      },
      {
        "text": " till ",
        "userDefined": false
      },
      {
        "text": "1.05.2077",
        "alias": "date-end",
        "meta": "@sys.date",
        "userDefined": true
      }
    ],
    "isTemplate": false,
    "count": 0,
    "updated": 1549008605
  },
  {
    "id": "68752bb8-310c-4fd5-87eb-60efda94bd25",
    "data": [
      {
        "text": "I’ll be off from ",
        "userDefined": false
      },
      {
        "text": "tomorrow at 11:30",
        "alias": "date-time-start",
        "meta": "@sys.date-time",
        "userDefined": false
      },
      {
        "text": " until ",
        "userDefined": false
      },
      {
        "text": "Friday",
        "alias": "date-end",
        "meta": "@sys.date",
        "userDefined": true
      },
      {
        "text": " because I’m going to a ",
        "userDefined": false
      },
      {
        "text": "conference",
        "alias": "reason",
        "meta": "@reason",
        "userDefined": false
      }
    ],
    "isTemplate": false,
    "count": 0,
    "updated": 1549008605
  },
  {
    "id": "13721876-6ea3-4e49-bf68-3eecc3dbe58c",
    "data": [
      {
        "text": "I\u0027ll be off from ",
        "userDefined": false
      },
      {
        "text": "Friday at 10 AM",
        "alias": "date-time-start",
        "meta": "@sys.date-time",
        "userDefined": true
      },
      {
        "text": " till ",
        "userDefined": false
      },
      {
        "text": "next Monday",
        "alias": "date-end",
        "meta": "@sys.date",
        "userDefined": true
      },
      {
        "text": " because I\u0027m ",
        "userDefined": false
      },
      {
        "text": "sick",
        "alias": "reason",
        "meta": "@reason",
        "userDefined": false
      }
    ],
    "isTemplate": false,
    "count": 0,
    "updated": 1549008605
  },
  {
    "id": "7e6c3f07-ff9a-42f8-ac51-4512d108a0d2",
    "data": [
      {
        "text": "I\u0027ll be off from ",
        "userDefined": false
      },
      {
        "text": "tomorrow",
        "alias": "date-start",
        "meta": "@sys.date",
        "userDefined": true
      },
      {
        "text": " till ",
        "userDefined": false
      },
      {
        "text": "Friday at 10:00",
        "alias": "date-time-end",
        "meta": "@sys.date-time",
        "userDefined": true
      },
      {
        "text": " because I\u0027m ",
        "userDefined": false
      },
      {
        "text": "sick",
        "alias": "reason",
        "meta": "@reason",
        "userDefined": false
      }
    ],
    "isTemplate": false,
    "count": 0,
    "updated": 1549008605
  },
  {
    "id": "71b7bf61-15bd-4d62-91a4-9657c72f165c",
    "data": [
      {
        "text": "I\u0027ll be off ",
        "userDefined": false
      },
      {
        "text": "tomorrow",
        "alias": "date",
        "meta": "@sys.date",
        "userDefined": true
      },
      {
        "text": " from ",
        "userDefined": false
      },
      {
        "text": "11:00",
        "alias": "time-start",
        "meta": "@sys.time",
        "userDefined": true
      },
      {
        "text": " to ",
        "userDefined": false
      },
      {
        "text": "15:00",
        "alias": "time-end",
        "meta": "@sys.time",
        "userDefined": true
      }
    ],
    "isTemplate": false,
    "count": 0,
    "updated": 1549008605
  },
  {
    "id": "132a1d80-63c8-4f36-8e9c-ba2930448ac2",
    "data": [
      {
        "text": "I\u0027ll be absent from ",
        "userDefined": false
      },
      {
        "text": "tomorrow at 4:30 pm",
        "alias": "date-time-start",
        "meta": "@sys.date-time",
        "userDefined": true
      },
      {
        "text": " till ",
        "userDefined": false
      },
      {
        "text": "Monday at 8 pm",
        "alias": "date-time-end",
        "meta": "@sys.date-time",
        "userDefined": true
      }
    ],
    "isTemplate": false,
    "count": 0,
    "updated": 1549008605
  },
  {
    "id": "b926f0b2-919a-4744-a118-742d65f3976f",
    "data": [
      {
        "text": "I will be off from ",
        "userDefined": false
      },
      {
        "text": "27.12",
        "alias": "date-start",
        "meta": "@sys.date",
        "userDefined": true
      },
      {
        "text": " to ",
        "userDefined": false
      },
      {
        "text": "28.12",
        "alias": "date-end",
        "meta": "@sys.date",
        "userDefined": true
      }
    ],
    "isTemplate": false,
    "count": 1,
    "updated": 1549008605
  },
  {
    "id": "abbd0216-16c8-4ae4-ae4f-a64632b86dfd",
    "data": [
      {
        "text": "I\u0027m ",
        "userDefined": false
      },
      {
        "text": "not feeling well",
        "alias": "reason",
        "meta": "@reason",
        "userDefined": true
      },
      {
        "text": ", I like to take ",
        "userDefined": false
      },
      {
        "text": "the next 3 days",
        "alias": "date-period",
        "meta": "@sys.date-period",
        "userDefined": false
      },
      {
        "text": " off",
        "userDefined": false
      }
    ],
    "isTemplate": false,
    "count": 0,
    "updated": 1549008605
  },
  {
    "id": "8e924bfc-9777-4b02-a3ad-14452c3447dc",
    "data": [
      {
        "text": "I thinking about ",
        "userDefined": false
      },
      {
        "text": "vacations",
        "alias": "reason",
        "meta": "@reason",
        "userDefined": false
      }
    ],
    "isTemplate": false,
    "count": 0,
    "updated": 1544653943
  },
  {
    "id": "3431ab1e-1325-4575-a29f-c6320ec464a3",
    "data": [
      {
        "text": "I\u0027m planning the ",
        "userDefined": false
      },
      {
        "text": "vacations",
        "alias": "reason",
        "meta": "@reason",
        "userDefined": false
      },
      {
        "text": " of my life in ",
        "userDefined": false
      },
      {
        "text": "January next year",
        "alias": "date-period",
        "meta": "@sys.date-period",
        "userDefined": false
      }
    ],
    "isTemplate": false,
    "count": 0,
    "updated": 1544653943
  },
  {
    "id": "5d65b9a5-4118-4346-8ca1-fc10ea4a4905",
    "data": [
      {
        "text": "I feel ",
        "userDefined": false
      },
      {
        "text": "sick",
        "alias": "reason",
        "meta": "@reason",
        "userDefined": false
      },
      {
        "text": ", I\u0027m planning to be off ",
        "userDefined": false
      },
      {
        "text": "next week",
        "alias": "date-period",
        "meta": "@sys.date-period",
        "userDefined": false
      }
    ],
    "isTemplate": false,
    "count": 0,
    "updated": 1544652795
  },
  {
    "id": "959a35fe-24cc-4c7e-bcd4-2e65e873ab6f",
    "data": [
      {
        "text": "I will be absent from ",
        "userDefined": false
      },
      {
        "text": "27.12",
        "alias": "date-start",
        "meta": "@sys.date",
        "userDefined": true
      },
      {
        "text": " to ",
        "userDefined": false
      },
      {
        "text": "28.12",
        "alias": "date-end",
        "meta": "@sys.date",
        "userDefined": true
      }
    ],
    "isTemplate": false,
    "count": 0,
    "updated": 1544711965
  },
  {
    "id": "9d53975c-4113-4a26-a264-9ca92b9f3ca0",
    "data": [
      {
        "text": "Mountain Trip during ",
        "userDefined": false
      },
      {
        "text": "winter break",
        "alias": "reason",
        "meta": "@reason",
        "userDefined": false
      }
    ],
    "isTemplate": false,
    "count": 3,
    "updated": 1544652721
  },
  {
    "id": "720abcf1-9553-4bab-ae6f-d806639eca3a",
    "data": [
      {
        "text": "I will be absent from ",
        "userDefined": false
      },
      {
        "text": "27.12",
        "alias": "date-start",
        "meta": "@sys.date",
        "userDefined": true
      },
      {
        "text": " to ",
        "userDefined": false
      },
      {
        "text": "28.12",
        "alias": "date-end",
        "meta": "@sys.date",
        "userDefined": true
      },
      {
        "text": ", because Mountain Trip during ",
        "userDefined": false
      },
      {
        "text": "winter break",
        "alias": "reason",
        "meta": "@reason",
        "userDefined": false
      }
    ],
    "isTemplate": false,
    "count": 2,
    "updated": 1544711965
  },
  {
    "id": "9691a1b6-4a81-40df-817b-2b1d9dbc30ee",
    "data": [
      {
        "text": "christmas holidays",
        "alias": "reason",
        "meta": "@reason",
        "userDefined": false
      }
    ],
    "isTemplate": false,
    "count": 0,
    "updated": 1544652721
  },
  {
    "id": "848d8d28-9c89-4348-821a-de968ce33db4",
    "data": [
      {
        "text": "i need days off from ",
        "userDefined": false
      },
      {
        "text": "24.12",
        "alias": "date-start",
        "meta": "@sys.date",
        "userDefined": true
      },
      {
        "text": " to ",
        "userDefined": false
      },
      {
        "text": "31.12",
        "alias": "date-end",
        "meta": "@sys.date",
        "userDefined": true
      },
      {
        "text": " because of ",
        "userDefined": false
      },
      {
        "text": "christmas",
        "alias": "reason",
        "meta": "@reason",
        "userDefined": false
      }
    ],
    "isTemplate": false,
    "count": 0,
    "updated": 1544711965
  },
  {
    "id": "aec056f3-d5a1-45d4-b5be-c36735b92227",
    "data": [
      {
        "text": "i need days off from ",
        "userDefined": false
      },
      {
        "text": "24.12",
        "alias": "date-start",
        "meta": "@sys.date",
        "userDefined": true
      },
      {
        "text": " to ",
        "userDefined": false
      },
      {
        "text": "31.12",
        "alias": "date-end",
        "meta": "@sys.date",
        "userDefined": true
      },
      {
        "text": " because of ",
        "userDefined": false
      },
      {
        "text": "christmas holidays",
        "alias": "reason",
        "meta": "@reason",
        "userDefined": false
      }
    ],
    "isTemplate": false,
    "count": 0,
    "updated": 1544711965
  },
  {
    "id": "400f807d-3fb0-4846-99db-920ba406fc91",
    "data": [
      {
        "text": "christmas eve",
        "alias": "reason",
        "meta": "@reason",
        "userDefined": false
      }
    ],
    "isTemplate": false,
    "count": 0,
    "updated": 1544652721
  },
  {
    "id": "10e0212f-d570-4ee5-b5b8-a2275d239b41",
    "data": [
      {
        "text": "I want to take ",
        "userDefined": false
      },
      {
        "text": "vacation",
        "alias": "reason",
        "meta": "@reason",
        "userDefined": false
      }
    ],
    "isTemplate": false,
    "count": 0,
    "updated": 1544652721
  },
  {
    "id": "65ab025e-24d7-4491-9f71-d02e77c47795",
    "data": [
      {
        "text": "I am going to the Nordcon, the ",
        "userDefined": false
      },
      {
        "text": "fan convention",
        "alias": "reason",
        "meta": "@reason",
        "userDefined": false
      },
      {
        "text": " ",
        "userDefined": false
      },
      {
        "text": "in",
        "meta": "@sys.ignore",
        "userDefined": false
      },
      {
        "text": " Jastrzębia Góra.",
        "userDefined": false
      }
    ],
    "isTemplate": false,
    "count": 0,
    "updated": 1544652721
  },
  {
    "id": "0dd91e50-d727-4604-80b1-1d98bbdb6902",
    "data": [
      {
        "text": "I’ll be absent since ",
        "userDefined": false
      },
      {
        "text": "Monday",
        "alias": "date-start",
        "meta": "@sys.date",
        "userDefined": true
      },
      {
        "text": " till ",
        "userDefined": false
      },
      {
        "text": "Wednesday",
        "alias": "date-end",
        "meta": "@sys.date",
        "userDefined": true
      },
      {
        "text": ", because I feel ",
        "userDefined": false
      },
      {
        "text": "sick",
        "alias": "reason",
        "meta": "@reason",
        "userDefined": false
      }
    ],
    "isTemplate": false,
    "count": 0,
    "updated": 1544711965
  },
  {
    "id": "1c55bfb6-c422-49c4-982f-4638865a6e8b",
    "data": [
      {
        "text": "I will ",
        "userDefined": false
      },
      {
        "text": "work from home",
        "alias": "reason",
        "meta": "@reason",
        "userDefined": false
      },
      {
        "text": " ",
        "userDefined": false
      },
      {
        "text": "today",
        "alias": "date",
        "meta": "@sys.date",
        "userDefined": true
      },
      {
        "text": " from ",
        "userDefined": false
      },
      {
        "text": "8:30",
        "alias": "time-start",
        "meta": "@sys.time",
        "userDefined": true
      },
      {
        "text": " till ",
        "userDefined": false
      },
      {
        "text": "16:30",
        "alias": "date-end",
        "meta": "@sys.date",
        "userDefined": true
      }
    ],
    "isTemplate": false,
    "count": 0,
    "updated": 1544711965
  },
  {
    "id": "251f37f0-0cbc-49f5-bbd3-196fdae1e886",
    "data": [
      {
        "text": "I am going to the ",
        "userDefined": false
      },
      {
        "text": "fan convention",
        "alias": "reason",
        "meta": "@reason",
        "userDefined": false
      }
    ],
    "isTemplate": false,
    "count": 0,
    "updated": 1544652721
  },
  {
    "id": "7e50f3f0-c2e4-4cd2-b710-cf8245e03d33",
    "data": [
      {
        "text": "I want to take ",
        "userDefined": false
      },
      {
        "text": "vacations",
        "alias": "reason",
        "meta": "@reason",
        "userDefined": false
      },
      {
        "text": " from ",
        "userDefined": false
      },
      {
        "text": "Thursday",
        "alias": "date-start",
        "meta": "@sys.date",
        "userDefined": true
      },
      {
        "text": " till ",
        "userDefined": false
      },
      {
        "text": "Friday",
        "alias": "date-end",
        "meta": "@sys.date",
        "userDefined": true
      }
    ],
    "isTemplate": false,
    "count": 2,
    "updated": 1544711965
  },
  {
    "id": "eb4861aa-3bbf-45b2-a6fb-6f89e364cec6",
    "data": [
      {
        "text": "I want to ",
        "userDefined": false
      },
      {
        "text": "take a leave",
        "alias": "reason",
        "meta": "@reason",
        "userDefined": true
      },
      {
        "text": " from ",
        "userDefined": false
      },
      {
        "text": "Thursday",
        "alias": "date-start",
        "meta": "@sys.date",
        "userDefined": true
      },
      {
        "text": " till ",
        "userDefined": false
      },
      {
        "text": "Sunday",
        "alias": "date-end",
        "meta": "@sys.date",
        "userDefined": true
      }
    ],
    "isTemplate": false,
    "count": 1,
    "updated": 1544711965
  },
  {
    "id": "00801224-e7cc-4eea-adc1-a0364300b312",
    "data": [
      {
        "text": "I would like to work ",
        "userDefined": false
      },
      {
        "text": "remotely",
        "alias": "reason",
        "meta": "@reason",
        "userDefined": false
      },
      {
        "text": " ",
        "userDefined": false
      },
      {
        "text": "today",
        "alias": "date",
        "meta": "@sys.date",
        "userDefined": false
      }
    ],
    "isTemplate": false,
    "count": 0,
    "updated": 1544652721
  },
  {
    "id": "d2c04fa2-be3a-4c78-83b9-93ffd9b5d287",
    "data": [
      {
        "text": "I need a few days off",
        "userDefined": false
      }
    ],
    "isTemplate": false,
    "count": 0,
    "updated": 1544101083
  },
  {
    "id": "8ccf1345-f673-4c8b-a190-24dd8ac65bc0",
    "data": [
      {
        "text": "I\u0027m ",
        "userDefined": false
      },
      {
        "text": "sick",
        "alias": "reason",
        "meta": "@reason",
        "userDefined": false
      }
    ],
    "isTemplate": false,
    "count": 4,
    "updated": 1544652721
  },
  {
    "id": "10e7f749-2271-4eec-8b26-da96bd32374b",
    "data": [
      {
        "text": "i’d like to take few days off",
        "userDefined": false
      }
    ],
    "isTemplate": false,
    "count": 0,
    "updated": 1544101083
  },
  {
    "id": "c17114ec-b013-4b70-b1e8-3903f76de9ce",
    "data": [
      {
        "text": "I fill ",
        "userDefined": false
      },
      {
        "text": "sick",
        "alias": "reason",
        "meta": "@reason",
        "userDefined": false
      }
    ],
    "isTemplate": false,
    "count": 0,
    "updated": 1544652721
  },
  {
    "id": "e3b24bc2-8926-4696-96e0-9278247facbc",
    "data": [
      {
        "text": "im ",
        "userDefined": false
      },
      {
        "text": "sick, so so sick",
        "alias": "reason",
        "meta": "@reason",
        "userDefined": false
      }
    ],
    "isTemplate": false,
    "count": 0,
    "updated": 1544652721
  },
  {
    "id": "92ca2101-c411-4189-962e-c900d716d7ce",
    "data": [
      {
        "text": "I need a day off",
        "userDefined": false
      }
    ],
    "isTemplate": false,
    "count": 1,
    "updated": 1544101083
  },
  {
    "id": "a78ffe3f-b83f-4f78-8269-e213bbda5199",
    "data": [
      {
        "text": "I would like to request for days off",
        "userDefined": false
      }
    ],
    "isTemplate": false,
    "count": 1,
    "updated": 1544101083
  },
  {
    "id": "49e586bc-56cb-4b18-a62c-5ceeac68a8a2",
    "data": [
      {
        "text": "Is it possible to get a day off?",
        "userDefined": false
      }
    ],
    "isTemplate": false,
    "count": 2,
    "updated": 1544101083
  },
  {
    "id": "81fe23bc-6953-4d22-8bf4-ba696684b22a",
    "data": [
      {
        "text": "I would like to take one day off",
        "userDefined": false
      }
    ],
    "isTemplate": false,
    "count": 7,
    "updated": 1544101083
  },
  {
    "id": "f5e89d91-567d-4651-8fb3-0758359935b2",
    "data": [
      {
        "text": "I would like to take one day off on ",
        "userDefined": false
      },
      {
        "text": "2.11.2018",
        "alias": "date",
        "meta": "@sys.date",
        "userDefined": true
      },
      {
        "text": " because of ",
        "userDefined": false
      },
      {
        "text": "vacations",
        "alias": "reason",
        "meta": "@reason",
        "userDefined": false
      }
    ],
    "isTemplate": false,
    "count": 1,
    "updated": 1544711965
  },
  {
    "id": "4576b3c8-3573-4433-a781-393350971a29",
    "data": [
      {
        "text": "feeling ",
        "userDefined": false
      },
      {
        "text": "sick",
        "alias": "reason",
        "meta": "@reason",
        "userDefined": false
      }
    ],
    "isTemplate": false,
    "count": 1,
    "updated": 1544652721
  },
  {
    "id": "2db22e34-fcb4-44b2-8747-bc7c4d1baf4f",
    "data": [
      {
        "text": "I\u0027m ",
        "userDefined": false
      },
      {
        "text": "feeling bad",
        "alias": "reason",
        "meta": "@reason",
        "userDefined": true
      }
    ],
    "isTemplate": false,
    "count": 0,
    "updated": 1544652721
  },
  {
    "id": "7a5833db-7efb-4c4c-8ac1-29695e7f31ad",
    "data": [
      {
        "text": "I ",
        "userDefined": false
      },
      {
        "text": "feel bad",
        "alias": "reason",
        "meta": "@reason",
        "userDefined": true
      }
    ],
    "isTemplate": false,
    "count": 0,
    "updated": 1544652721
  },
  {
    "id": "76fbcee3-b172-48ef-90f7-f187e2d253c0",
    "data": [
      {
        "text": "I\u0027ll be off ",
        "userDefined": false
      },
      {
        "text": "tomorrow",
        "alias": "date",
        "meta": "@sys.date",
        "userDefined": false
      },
      {
        "text": " because I need to ",
        "userDefined": false
      },
      {
        "text": "get things done",
        "alias": "reason",
        "meta": "@reason",
        "userDefined": false
      }
    ],
    "isTemplate": false,
    "count": 0,
    "updated": 1544652721
  },
  {
    "id": "9e3a145c-cade-4881-95b3-746c35499a42",
    "data": [
      {
        "text": "I\u0027ll be absent from ",
        "userDefined": false
      },
      {
        "text": "August 2nd",
        "alias": "date-start",
        "meta": "@sys.date",
        "userDefined": true
      },
      {
        "text": " till ",
        "userDefined": false
      },
      {
        "text": "October 10th",
        "alias": "date-end",
        "meta": "@sys.date",
        "userDefined": true
      },
      {
        "text": ", because I\u0027m planning my ",
        "userDefined": false
      },
      {
        "text": "vacations",
        "alias": "reason",
        "meta": "@reason",
        "userDefined": false
      }
    ],
    "isTemplate": false,
    "count": 0,
    "updated": 1544711965
  },
  {
    "id": "0a3fbcf7-4d4e-446e-9357-f71449b21cc3",
    "data": [
      {
        "text": "I\u0027ll be absent ",
        "userDefined": false
      },
      {
        "text": "next Friday",
        "alias": "date",
        "meta": "@sys.date",
        "userDefined": false
      },
      {
        "text": ", I\u0027m going on ",
        "userDefined": false
      },
      {
        "text": "vacations",
        "alias": "reason",
        "meta": "@reason",
        "userDefined": false
      }
    ],
    "isTemplate": false,
    "count": 0,
    "updated": 1544652721
  }
]