[
  {
    "id": "d92ed0a5-00ad-45de-b2dd-81491d525206",
    "data": [
      {
        "text": "great",
        "userDefined": false
      }
    ],
    "isTemplate": false,
    "count": 1,
    "updated": 0
  },
  {
    "id": "df628780-3d74-45d5-91d9-f014e9495335",
    "data": [
      {
        "text": "grate",
        "userDefined": false
      }
    ],
    "isTemplate": false,
    "count": 1,
    "updated": 0
  },
  {
    "id": "ee8acc6f-6032-4044-b0b4-fb29bc8adda2",
    "data": [
      {
        "text": "I\u0027m fine",
        "userDefined": false
      }
    ],
    "isTemplate": false,
    "count": 0,
    "updated": 1540462170
  }
]