[
  {
    "id": "461f1cd6-7c20-4168-a23d-dfabf7d97bea",
    "data": [
      {
        "text": "What I can do?",
        "userDefined": false
      }
    ],
    "isTemplate": false,
    "count": 2,
    "updated": 0
  },
  {
    "id": "578831df-2549-40c5-aa79-34c232f52b83",
    "data": [
      {
        "text": "Can you help me?",
        "userDefined": false
      }
    ],
    "isTemplate": false,
    "count": 2,
    "updated": 0
  },
  {
    "id": "d98d7b0a-0f36-4f3a-9e62-bbb0339d0250",
    "data": [
      {
        "text": "how can You help me?",
        "userDefined": false
      }
    ],
    "isTemplate": false,
    "count": 0,
    "updated": 0
  }
]