[
  {
    "value": "illness",
    "synonyms": [
      "doctor",
      "disease",
      "sickness",
      "sick",
      "temperature",
      "fever",
      "vomiting",
      "flue",
      "feel bad",
      "feeling bad",
      "illness",
      "not feeling well",
      "feel not well",
      "diarrhea",
      "runny nose",
      "chills",
      "shivers",
      "shakes",
      "ill"
    ]
  },
  {
    "value": "remote",
    "synonyms": [
      "remote",
      "remote work",
      "work from home",
      "remotely",
      "home office",
      "home-office",
      "home",
      "working from home",
      "office home"
    ]
  },
  {
    "value": "holiday",
    "synonyms": [
      "holiday",
      "vacation",
      "festival",
      "rest",
      "free",
      "exam",
      "an exam",
      "get things done",
      "funeral",
      "leave",
      "wedding",
      "I\u0027m getting married",
      "honeymoon",
      "christmas",
      "christmas holidays",
      "christmas holiday",
      "winter break",
      "summer break",
      "christmas eve",
      "easter",
      "national day",
      "independence day",
      "take a leave",
      "trip",
      "hangover"
    ]
  },
  {
    "value": "conference",
    "synonyms": [
      "conference",
      "meetup",
      "meet-up",
      "meet up",
      "fan convention",
      "speech",
      "i\u0027m spiker",
      "I will have a speech"
    ]
  },
  {
    "value": "school",
    "synonyms": [
      "school",
      "university"
    ]
  }
]